pdb,ddg_expt,potts_energy,potts_decoder,proteinmpnn
1A2P,-1.25,21.220703125,34.79834747314453,19.825557708740234
1A2P,-0.7925000000000001,4.283203125,17.785240173339844,5.591460227966309
1A2P,-1.7833333333333332,10.67578125,37.27793502807617,24.827388763427734
1A2P,-2.2183333333333333,13.677734375,47.842315673828125,38.99839782714844
1A2P,0.11,11.041015625,40.99836730957031,24.928451538085938
1A2P,-0.27,13.560546875,48.16816329956055,35.183738708496094
1A2P,-1.09,10.271484375,31.048986434936523,24.707651138305664
1A2P,-2.1,16.623046875,48.64218521118164,40.05963897705078
1A2P,-1.27,8.623046875,41.63410949707031,29.633119583129883
1A2P,-3.1933333333333334,22.982421875,51.9407844543457,43.575931549072266
1A2P,-1.87,13.623046875,47.39628601074219,38.449798583984375
1A2P,-0.22,1.779296875,6.790760040283203,4.957891464233398
1A2P,-4.199999999999999,7.794921875,0.677342414855957,-6.546867370605469
1A2P,-3.45,15.814453125,45.61332702636719,18.082773208618164
1A2P,-2.345,11.341796875,30.85321617126465,12.20089340209961
1A2P,-3.3775,16.9765625,40.76942443847656,23.419143676757812
1A2P,-0.5033333333333333,2.740234375,4.721857070922852,8.304229736328125
1A2P,-6.4,24.36328125,42.59412384033203,28.41779327392578
1A2P,-4.488571428571428,20.80859375,48.108116149902344,22.64065170288086
1A2P,-0.2,0.849609375,8.456012725830078,-2.440685272216797
1A2P,-1.6,5.169921875,21.79550552368164,8.75333309173584
1A2P,1.2,2.7734375,11.534378051757812,-4.504714012145996
1A2P,-0.3899999999999999,6.71484375,18.302738189697266,5.3947577476501465
1A2P,-1.4866666666666666,11.02734375,30.77068328857422,19.14090347290039
1A2P,-0.0349999999999999,1.919921875,4.76557731628418,2.6417574882507324
1A2P,-1.6900000000000002,4.095703125,10.120711326599121,2.863579750061035
1A2P,-2.115,7.671875,18.516931533813477,6.769618034362793
1A2P,-0.4333333333333333,2.091796875,4.984042644500732,2.6725339889526367
1A2P,-4.4325,13.578125,27.607690811157227,12.625006675720215
1A2P,-2.29,7.599609375,12.56782341003418,1.8565936088562012
1A2P,0.8,1.169921875,9.556082725524902,8.710467338562012
1A2P,0.5333333333333333,-0.513671875,3.1067676544189453,4.061033248901367
1A2P,-2.25,8.052734375,31.991069793701172,43.677886962890625
1A2P,0.095,2.4921875,19.445175170898438,9.456669807434082
1A2P,-3.6,19.517578125,17.5977725982666,13.243683815002441
1A2P,-1.0066666666666668,6.96484375,5.714723587036133,3.8424434661865234
1A2P,-1.9633333333333327,10.115234375,44.24562072753906,23.318893432617188
1A2P,-0.04,16.23046875,43.87979507446289,18.429092407226562
1A2P,-0.05,12.833984375,47.17152786254883,22.20961570739746
1A2P,-1.375,11.3671875,35.57120895385742,20.537813186645508
1A2P,-4.3,13.173828125,44.165672302246094,29.72966194152832
1A2P,-1.29,9.275390625,39.187522888183594,19.251745223999023
1A2P,-1.72,10.1875,42.15990447998047,26.36392593383789
1A2P,-0.56,3.193359375,10.881509780883789,6.590106964111328
1A2P,-2.31,12.630859375,48.43750762939453,24.08829116821289
1A2P,0.445,-1.298828125,0.8875846862792969,3.720195770263672
1A2P,-0.39,5.462890625,-0.3479185104370117,7.323542594909668
1A2P,0.5033333333333333,-2.701171875,4.620866775512695,2.059253692626953
1A2P,0.5,0.056640625,8.294941902160645,-3.4122657775878906
1A2P,-0.45,2.333984375,10.487815856933594,5.249545574188232
1A2P,0.1333333333333333,-1.228515625,-0.05708599090576172,-2.1377358436584473
1A2P,-1.04,5.412109375,13.714168548583984,2.5175628662109375
1A2P,-0.1699999999999999,0.251953125,6.482744216918945,-1.2263460159301758
1A2P,-1.4333333333333331,10.330078125,27.34781265258789,18.847599029541016
1A2P,-0.5666666666666668,6.48046875,18.933462142944336,1.489924430847168
1A2P,-0.3,4.369140625,9.587084770202637,-2.8787059783935547
1A2P,-0.5666666666666668,8.453125,23.177310943603516,12.957155227661133
1A2P,-0.8274999999999999,5.873046875,18.561777114868164,6.766633033752441
1A2P,-0.75,7.232421875,22.908628463745117,13.361268997192383
1A2P,-0.75,11.6484375,28.137800216674805,8.503984451293945
1A2P,-0.15,1.37890625,-1.6961421966552734,-2.299605369567871
1A2P,-0.2,7.091796875,15.623801231384277,2.433547019958496
1A2P,-0.2,8.068359375,21.44936180114746,13.172462463378906
1A2P,-0.5,4.408203125,14.276494026184082,5.157476425170898
1A2P,-4.1,13.876953125,34.66084671020508,13.863183975219727
1A2P,-0.4000000000000001,3.505859375,8.38841724395752,5.04600715637207
1A2P,-0.15,2.298828125,4.470437049865723,3.5985445976257324
1A2P,-0.3,1.69921875,7.304512977600098,1.3584327697753906
1A2P,-0.6499999999999999,4.431640625,20.53694725036621,7.521370887756348
1A2P,-0.6,10.064453125,26.776233673095703,8.830280303955078
1A2P,-1.05,13.4375,28.42258644104004,20.705812454223633
1A2P,-0.75,9.845703125,21.817737579345703,13.679346084594727
1A2P,-1.35,4.482421875,10.276069641113281,8.126466751098633
1A2P,-2.9066666666666667,18.529296875,58.18649673461914,34.35859680175781
1A2P,-3.296666666666667,20.736328125,57.533653259277344,33.808231353759766
1A2P,-2.7,21.671875,58.562530517578125,40.7971305847168
1A2P,-2.9066666666666667,19.384765625,58.22161102294922,34.395118713378906
1A2P,-2.725,17.763671875,59.0857048034668,32.6477165222168
1A2P,-2.606666666666667,20.34765625,57.39645767211914,37.396026611328125
1A2P,-3.033333333333333,19.048828125,58.36830520629883,34.184906005859375
1A2P,-3.2900000000000005,21.615234375,58.12428665161133,36.38362121582031
1A2P,-1.4175,7.443359375,32.77235412597656,8.412821769714355
1A2P,-1.125,3.30078125,19.580900192260742,7.588918685913086
1A2P,0.3,1.259765625,5.683781623840332,3.587494373321533
1A2P,-2.54,7.748046875,28.55706214904785,15.191917419433594
1A2P,-3.05,21.478515625,40.417720794677734,18.630029678344727
1A2P,-0.5,17.623046875,36.735740661621094,19.243816375732422
1A2P,-1.58,14.56640625,49.36692810058594,13.50556468963623
1A2P,-2.306666666666666,10.357421875,29.19382095336914,14.470942497253418
1A2P,-4.7,17.26171875,25.13728904724121,13.49586009979248
1A2P,-1.8,5.33984375,10.01537799835205,5.27294921875
1A2P,-5.3,12.947265625,51.812522888183594,44.022064208984375
1A2P,-8.4,40.150390625,58.90037536621094,49.814186096191406
1A2P,-3.4,16.04296875,55.52659606933594,42.43581008911133
1A2P,-7.8,27.7109375,57.180320739746094,44.9086799621582
1A2P,-1.3,-1.337890625,-7.031955718994141,-2.887068748474121
1A2P,-3.1,3.625,1.5460872650146484,0.8765773773193359
1A2P,-0.8999999999999999,-0.958984375,-4.400209426879883,-2.4130067825317383
1A2P,-0.4333333333333333,-0.873046875,-4.523448944091797,-1.8766345977783203
1A2P,0.15,-0.7421875,2.2985057830810547,4.548336982727051
1A2P,-1.8,13.921875,56.03945541381836,45.04412078857422
1A2P,0.3999999999999999,8.357421875,47.82020950317383,21.292606353759766
1A2P,-1.8,12.404296875,52.53965377807617,40.66606521606445
1A2P,-2.8633333333333333,4.439453125,19.72665786743164,11.422191619873047
1AQH,1.9,5.046875,14.611599922180176,12.861485481262207
1BCX,1.3,10.34375,24.88039779663086,24.026365280151367
1BCX,3.0,7.7734375,18.615163803100586,7.10994291305542
1BRF,-0.6,3.671875,2.13275146484375,-3.8685266971588135
1BVC,-0.6333333333333334,7.6640625,21.02719497680664,19.333759307861328
1BVC,0.965,-0.62109375,1.5031471252441406,3.6310548782348633
1BVC,-0.565,-1.01953125,6.144543647766113,4.695343971252441
1BVC,-0.4,6.6171875,27.14966583251953,34.18352508544922
1BVC,-0.4,9.96875,34.72430419921875,24.11504554748535
1BVC,-0.6,2.359375,20.67072296142578,15.126622200012207
1BVC,-0.7333333333333334,4.96875,13.605840682983398,-4.194200038909912
1BVC,0.1,8.44921875,10.91759967803955,-1.734633445739746
1BVC,-1.1,1.65625,16.418575286865234,6.836418628692627
1BVC,1.2,8.51953125,16.93903350830078,8.945709228515625
1BVC,-0.6,5.64453125,7.883417129516602,5.763411045074463
1BVC,-0.6,2.0625,2.857419967651367,10.38082504272461
1BVC,-0.0,-0.1875,-16.759845733642578,-7.718812942504883
1BVC,-0.8,10.265625,28.585153579711914,19.033946990966797
1BVC,-1.1,9.51171875,22.463315963745117,14.83995246887207
1BVC,0.1,3.3046875,17.036540985107422,18.532670974731445
1BVC,-1.7,13.72265625,29.641559600830078,20.39965057373047
1BVC,-1.9,11.25390625,18.437631607055664,20.14124870300293
1BVC,-2.04,10.39453125,16.172256469726562,12.075867652893066
1BVC,-0.8,7.40234375,36.537986755371094,11.735612869262695
1BVC,-1.4,14.375,54.48442840576172,33.79258346557617
1BVC,-0.225,2.8828125,2.342470645904541,4.873258590698242
1BVC,-0.1,12.08984375,54.16291427612305,49.425933837890625
1BVC,0.8,10.328125,35.14914321899414,10.761287689208984
1BVC,-0.3,-1.4453125,-6.128885269165039,-4.569847106933594
1BVC,-0.3999999999999999,5.28515625,17.780765533447266,16.798385620117188
1BVC,-1.2,15.5625,38.93159103393555,12.725164413452148
1BVC,-0.0,4.953125,17.95734405517578,9.245612144470215
1BVC,-0.0,7.45703125,20.92000389099121,13.008658409118652
1BVC,-0.1,9.83984375,29.658769607543945,13.38155746459961
1BVC,-0.035,0.3359375,-1.4040145874023438,9.713623046875
1BVC,0.6,12.68359375,47.97735595703125,46.184326171875
1BVC,-0.7,-1.1171875,-25.468339920043945,-10.37471866607666
1BVC,-1.8,12.5390625,22.45600700378418,13.011828422546387
1BVC,-0.6,2.734375,7.0017547607421875,4.265759468078613
1BVC,-1.1,7.42578125,15.70267105102539,13.621087074279785
1BVC,-1.4,7.3125,37.78515625,19.144073486328125
1BVC,-1.4,3.8828125,7.666755676269531,11.669356346130371
1BVC,-0.3,-1.5546875,-5.398828029632568,3.756453514099121
1BVC,-1.1,16.3828125,37.6383056640625,35.147003173828125
1BVC,-1.4,25.76171875,53.018768310546875,46.2691764831543
1BVC,-3.05,13.2734375,45.71477127075195,46.16583251953125
1BVC,0.6,4.7890625,11.614457130432129,4.1856689453125
1BVC,1.1,-2.203125,3.4563655853271484,0.6974811553955078
1BVC,-3.7,23.3046875,54.952308654785156,49.85727310180664
1BVC,-2.3,30.6484375,53.24971389770508,50.63898468017578
1BVC,-1.4666666666666668,5.21875,12.275211334228516,18.197776794433594
1BVC,-1.7,20.8046875,35.82857131958008,33.435943603515625
1BVC,-1.5,12.8828125,39.1729736328125,33.910675048828125
1BVC,-0.8,9.859375,17.86722755432129,16.27140235900879
1BVC,-2.2,21.078125,42.338035583496094,41.19062805175781
1BVC,-1.4,1.66015625,3.066063404083252,2.5127899646759033
1BVC,0.4375,0.8046875,-6.268933296203613,7.228918075561523
1BVC,-1.9,6.3203125,15.552337646484375,23.850727081298828
1BVC,0.6,-4.61328125,-17.672382354736328,-7.293605804443359
1BVC,0.9,0.203125,-3.683516502380371,7.946506500244141
1BVC,-0.1,3.046875,7.24224853515625,9.704255104064941
1BVC,0.4,4.75390625,21.97972297668457,5.127518653869629
1BVC,-1.6,9.23828125,18.782194137573242,29.301443099975586
1C2R,-1.2000000000000002,7.71484375,6.669494152069092,3.5645556449890137
1C2R,-1.1,7.7109375,21.503238677978516,2.661500930786133
1C2R,0.3,3.931640625,11.065279960632324,0.2591371536254883
1C2R,-2.2,9.6640625,29.59360122680664,17.869640350341797
1C2R,-2.0,5.39453125,30.033754348754883,10.337248802185059
1C2R,-1.5166666666666666,8.9609375,29.690147399902344,15.302295684814453
1C2R,-0.33,-2.87109375,0.3351917266845703,0.0758504867553711
1CYC,-1.15,5.16015625,6.38003396987915,17.541688919067383
1CYC,-1.0,5.20703125,7.6276631355285645,19.245859146118164
1CYC,-1.43,9.01953125,15.585966110229492,27.298009872436523
1CYC,-1.05,4.84765625,8.031578063964844,17.3367977142334
1E0W,1.1,-2.7109375,-3.511552095413208,-6.967564582824707
1E0W,-2.2,0.1328125,1.2058324813842773,1.8528404235839844
1E0W,-0.5,0.0390625,7.860483169555664,-16.536869049072266
1E0W,-2.8,2.359375,7.109350681304932,6.778736114501953
1E0W,-0.5,2.140625,13.840023040771484,7.475543022155762
1E0W,0.9,-1.2734375,4.254764080047607,3.5260391235351562
1E0W,-2.6,8.859375,47.258060455322266,31.729576110839844
1E0W,-1.8,9.9140625,42.54729461669922,25.456607818603516
1E0W,-4.0,5.328125,37.8963737487793,23.100749969482422
1E0W,2.3,1.5,3.615187406539917,0.9345273971557617
1E0W,0.4,2.265625,14.418047904968262,5.516905784606934
1E0W,0.1,4.171875,16.75031280517578,-5.548644065856934
1EL1,-0.24,-1.802734375,1.6846866607666016,3.9216365814208984
1EL1,-0.26,2.337890625,2.5966806411743164,-0.8519191741943359
1EL1,-0.43,-2.34765625,-2.4813079833984375,-9.782354354858398
1EY0,0.25,0.05078125,0.17994308471679688,1.8170289993286133
1EY0,0.25,2.3828125,3.595123291015625,4.1204376220703125
1EY0,-1.8666666666666665,4.12109375,7.810701370239258,13.459379196166992
1EY0,-1.2,8.07421875,19.59076690673828,27.14094352722168
1EY0,-2.0,1.296875,-7.330097198486328,19.184371948242188
1EY0,-0.9,3.947265625,27.29191017150879,12.942227363586426
1EY0,-1.25,7.38671875,25.155691146850586,11.871346473693848
1EY0,-1.4,9.71484375,0.5646553039550781,2.114500045776367
1EY0,-1.1,9.23046875,-7.098604202270508,11.799513816833496
1EY0,-1.9,17.609375,7.485347747802734,7.570896148681641
1EY0,-0.4,5.1328125,26.762893676757812,21.517688751220703
1EY0,-0.6,9.9453125,41.26966094970703,32.57383346557617
1EY0,-1.0,8.74609375,34.67512893676758,27.909412384033203
1EY0,-2.45,13.455078125,27.306848526000977,23.498416900634766
1EY0,-1.0,5.341796875,0.37522125244140625,-6.913646697998047
1EY0,-0.7,4.55078125,11.307058334350586,14.986499786376953
1EY0,-1.2999999999999998,10.37890625,22.524852752685547,27.16521453857422
1EY0,-1.15,8.03125,20.749135971069336,21.667593002319336
1EY0,-0.1,3.65625,16.741575241088867,9.701788902282715
1EY0,-0.3,2.25390625,6.715679168701172,6.678646087646484
1EY0,-0.35,3.0390625,9.601482391357422,7.483227252960205
1EY0,-2.35,9.76171875,42.523773193359375,29.65886116027832
1EY0,-3.75,15.9140625,43.169677734375,31.474422454833984
1EY0,-1.55,10.99609375,31.806955337524414,17.63198471069336
1EY0,-1.55,9.94921875,33.060638427734375,21.044885635375977
1EY0,-2.6500000000000004,10.263671875,18.83515167236328,14.357281684875488
1EY0,-3.35,11.845703125,23.24419403076172,19.7757625579834
1EY0,-0.6,1.359375,4.672525405883789,5.365145683288574
1EY0,-0.2,5.794921875,21.843338012695312,21.162216186523438
1EY0,-0.8500000000000001,1.740234375,-12.942789077758789,-0.08093452453613281
1EY0,-0.15,1.62890625,12.79556655883789,11.899131774902344
1EY0,-0.45,10.45703125,23.370113372802734,20.344757080078125
1EY0,-0.75,6.443359375,25.708114624023438,20.203590393066406
1EY0,-0.25,8.66796875,23.515178680419922,3.722078323364258
1EY0,-1.9,-3.923828125,6.552486419677734,-10.879278182983398
1EY0,-2.55,11.54296875,24.92584800720215,9.739113807678223
1EY0,-2.55,13.408203125,27.713895797729492,12.469500541687012
1EY0,-0.15,-1.453125,-10.255683898925781,-4.771601676940918
1EY0,-0.6,4.09375,11.52591323852539,13.59822940826416
1EY0,-1.05,1.416015625,-1.005605697631836,2.7061753273010254
1EY0,-0.2,11.6640625,48.096309661865234,21.216184616088867
1EY0,-4.1,35.76953125,57.671287536621094,26.81101417541504
1EY0,-2.25,33.98828125,59.2994384765625,29.078102111816406
1EY0,-1.65,6.85546875,15.594738960266113,2.3413381576538086
1EY0,-0.9,6.46875,13.399197578430176,12.611675262451172
1EY0,-2.45,13.6328125,20.676841735839844,6.280607223510742
1EY0,-0.6499999999999999,-2.38671875,-1.0609407424926758,-3.5208892822265625
1EY0,-0.6499999999999999,4.5859375,10.154278755187988,1.2619562149047852
1EY0,-0.8500000000000001,-2.25390625,-4.368369102478027,-3.424576759338379
1EY0,-2.3,17.265625,22.521785736083984,10.401391983032227
1EY0,-7.5,28.19140625,43.40816116333008,14.677477836608887
1EY0,-2.3,12.43359375,12.418951034545898,16.461997985839844
1EY0,-5.6,27.875,35.33493423461914,17.736568450927734
1EY0,-0.1,0.083984375,10.195556640625,0.8035831451416016
1EY0,-0.05,8.28515625,30.73453140258789,7.82425594329834
1EY0,-4.75,23.37890625,32.454383850097656,14.300126075744629
1EY0,-3.25,12.578125,18.835004806518555,10.594456672668457
1EY0,-0.25,1.12890625,5.7982892990112305,8.499553680419922
1EY0,-0.5,8.8984375,14.113173484802246,18.71710777282715
1EY0,-1.0666666666666669,6.359375,16.275856018066406,16.522811889648438
1EY0,-2.3666666666666667,19.0234375,16.896739959716797,24.73446273803711
1EY0,-9.8,32.4765625,31.90695571899414,28.499217987060547
1EY0,-4.55,19.29296875,28.819652557373047,32.152835845947266
1EY0,-1.75,7.685546875,14.011269569396973,16.240455627441406
1EY0,-1.85,10.923828125,-6.159761428833008,-1.2067985534667969
1EY0,-1.55,5.88671875,22.116886138916016,13.41363525390625
1EY0,-2.2,7.89453125,26.33464813232422,17.308744430541992
1EY0,-0.8500000000000001,1.62109375,-5.785276412963867,-12.025555610656738
1EY0,-0.4,-0.962890625,-8.288249969482422,-12.923094749450684
1EY0,-3.525,21.84765625,41.4903678894043,23.20322608947754
1EY0,-2.8,17.6796875,39.72492599487305,28.121139526367188
1EY0,-5.4,25.322265625,42.185420989990234,21.23465347290039
1EY0,-5.0,25.498046875,45.06285858154297,21.751693725585938
1EY0,-0.3333333333333333,3.4765625,7.816158294677734,2.855134963989258
1EY0,-5.466666666666666,26.69921875,47.51564407348633,28.985000610351562
1EY0,-1.75,8.080078125,26.809471130371094,19.665176391601562
1EY0,-2.4,16.82421875,24.769134521484375,7.935101509094238
1EY0,-3.85,22.36328125,42.29568099975586,22.10986328125
1EY0,-1.55,13.36328125,30.19620704650879,9.379037857055664
1EY0,-1.95,18.935546875,40.46193313598633,25.09381675720215
1EY0,-3.9,18.4140625,42.29228591918945,25.423860549926758
1EY0,-6.1,34.8125,46.95454025268555,31.14607048034668
1EY0,-3.25,21.134765625,43.642581939697266,27.47027587890625
1EY0,-2.95,19.57421875,36.802799224853516,22.80626678466797
1EY0,-3.1,22.91796875,41.53385543823242,21.820356369018555
1EY0,-3.25,21.361328125,41.452598571777344,26.263917922973633
1EY0,-2.8,14.4453125,19.951072692871094,9.408947944641113
1EY0,-0.6499999999999999,7.599609375,25.991687774658203,22.194740295410156
1EY0,-0.9,7.388671875,9.503421783447266,10.822465896606445
1EY0,-0.8,9.470703125,7.1623148918151855,0.3979673385620117
1EY0,-0.8500000000000001,12.09375,19.048879623413086,18.692752838134766
1EY0,-1.3666666666666665,9.875,5.561198711395264,9.15467643737793
1EY0,-0.3,4.681640625,3.551910877227783,8.508380889892578
1EY0,-1.3,9.841796875,49.19375228881836,41.915992736816406
1EY0,-1.2000000000000002,14.4921875,53.90082550048828,48.7385139465332
1EY0,-1.3,12.05859375,52.790771484375,45.0523567199707
1EY0,-3.05,16.548828125,54.19795227050781,48.16859436035156
1EY0,-0.25,3.66015625,10.186378479003906,9.907967567443848
1EY0,-0.9,11.02734375,24.0576171875,18.800697326660156
1EY0,-0.55,2.484375,17.862363815307617,14.259344100952148
1EY0,-1.6,7.029296875,27.216556549072266,24.987924575805664
1EY0,-1.75,3.857421875,1.3085174560546875,-1.1172103881835938
1EY0,-2.45,9.55078125,15.549776077270508,9.341054916381836
1EY0,-0.6,2.2734375,3.348726272583008,-6.6716108322143555
1EY0,-0.8,2.11328125,0.27629661560058594,-6.240374565124512
1EY0,-1.45,7.689453125,19.144136428833008,14.229093551635742
1EY0,-1.1,11.89453125,20.524566650390625,21.700408935546875
1EY0,-2.55,11.005859375,21.14810562133789,19.302196502685547
1EY0,0.6499999999999999,2.171875,10.850764274597168,2.292044162750244
1EY0,-1.225,6.4609375,13.602450370788574,10.570523262023926
1EY0,0.45,2.4609375,7.722672462463379,0.14456218481063843
1EY0,-3.75,20.15234375,33.1945915222168,10.688881874084473
1EY0,-2.8,21.751953125,22.98040771484375,11.816885948181152
1EY0,-8.1,29.44921875,44.544857025146484,19.975173950195312
1EY0,-6.2,27.0546875,39.47788619995117,18.61294937133789
1EY0,-1.4,4.640625,11.274635314941406,13.516410827636719
1EY0,-2.25,6.328125,21.771080017089844,19.532066345214844
1EY0,-3.6,19.19140625,45.776466369628906,22.865224838256836
1EY0,-2.9,20.294921875,46.91292953491211,31.44988250732422
1EY0,-7.5,25.814453125,49.26422882080078,25.010417938232422
1EY0,-5.35,21.255859375,47.205078125,23.681434631347656
1EY0,-3.1,7.5625,27.11453628540039,11.302114486694336
1EY0,-3.55,14.892578125,42.106544494628906,19.271385192871094
1EY0,-1.6666666666666667,1.765625,6.427600860595703,9.20361614227295
1EY0,-3.1,10.2890625,25.348411560058594,10.469289779663086
1EY0,-3.85,10.033203125,26.03176498413086,16.88496208190918
1EY0,-1.9,6.265625,21.531156539916992,4.304435729980469
1EY0,-2.9,9.3203125,24.90015983581543,5.666146755218506
1EY0,-1.6,12.5625,39.58792495727539,12.042187690734863
1EY0,-4.6,11.95703125,38.78536605834961,11.422080993652344
1EY0,-0.4666666666666667,2.720703125,7.59141731262207,2.9570751190185547
1EY0,-2.1,17.314453125,39.56387710571289,14.79440689086914
1EY0,-0.15,20.921875,44.041831970214844,18.763883590698242
1EY0,-2.2,20.8828125,40.88203811645508,8.140852928161621
1EY0,-6.6,28.083984375,44.56722640991211,10.535603523254395
1EY0,-4.65,27.234375,29.269073486328125,6.862408638000488
1EY0,0.1,-3.1640625,-4.673076629638672,-2.1558170318603516
1EY0,-0.9,14.86328125,32.61711502075195,8.032618522644043
1EY0,-2.4,22.05078125,42.559814453125,11.039168357849121
1EY0,-1.4500000000000002,10.232421875,30.663795471191406,10.809871673583984
1EY0,0.05,2.794921875,-8.681539535522461,-6.756538391113281
1EY0,0.6499999999999999,-0.83984375,-11.182817459106445,5.4246826171875
1EY0,-4.3,22.81640625,19.747726440429688,1.0304546356201172
1EY0,-1.9,23.02734375,-33.49016571044922,-17.876785278320312
1EY0,0.8,13.037109375,23.819435119628906,3.6079635620117188
1EY0,-1.0,6.33984375,0.3761444091796875,-2.7323570251464844
1EY0,0.8500000000000001,5.78515625,23.341487884521484,1.4343681335449219
1EY0,0.1,12.1875,36.080955505371094,12.134218215942383
1EY0,-0.4,22.015625,46.09276580810547,17.221492767333984
1EY0,-0.3,11.431640625,38.415565490722656,3.306156873703003
1EY0,-0.1,5.072265625,14.06503677368164,10.634858131408691
1EY0,-0.5,13.685546875,43.6679573059082,5.540241241455078
1EY0,-0.6,1.22265625,26.80057716369629,3.79213547706604
1EY0,-0.0,9.0390625,32.52044677734375,3.0007102489471436
1EY0,0.1,-0.501953125,12.370832443237305,-1.302342414855957
1EY0,0.25,2.955078125,9.405138969421387,5.093954086303711
1EY0,0.05,5.8125,13.900546073913574,2.859722852706909
1EY0,-0.2,-0.8046875,-1.9171795845031738,6.404575347900391
1EY0,0.5,7.09765625,16.034461975097656,5.785249710083008
1EY0,0.05,2.41796875,4.282073020935059,7.569581985473633
1EY0,-0.6,3.546875,16.750707626342773,4.386651039123535
1EY0,-0.3,3.896484375,26.706632614135742,15.986124038696289
1EY0,-0.1,7.0546875,23.932485580444336,7.409012794494629
1EY0,0.1,3.66796875,12.731331825256348,8.303318977355957
1EY0,0.05,1.650390625,9.299309730529785,1.0052976608276367
1EY0,-0.35,1.12890625,-3.9637250900268555,11.705365180969238
1EY0,0.2,3.85546875,7.14454460144043,7.26521110534668
1EY0,-0.05,2.025390625,10.259613990783691,10.734891891479492
1EY0,-0.25,3.14453125,3.0296249389648438,2.3672661781311035
1EY0,0.1,1.287109375,0.5570449829101562,9.736723899841309
1EY0,-0.15,8.65234375,6.400883674621582,2.6597604751586914
1EY0,0.25,10.9765625,55.18096160888672,21.989505767822266
1EY0,-0.8,11.40625,57.5229606628418,35.35591125488281
1EY0,-0.6000000000000001,10.80078125,57.285465240478516,29.65386962890625
1EY0,-1.05,11.783203125,57.454872131347656,26.341815948486328
1EY0,-0.1999999999999999,0.4375,-5.368631362915039,-3.680992603302002
1EY0,-0.3,5.0703125,11.188606262207031,-0.6055631637573242
1EY0,0.1,-0.630859375,7.015323638916016,1.5495977401733398
1EY0,-0.15,0.69140625,6.044076919555664,0.344484806060791
1EY0,-0.05,-0.060546875,-10.360928535461426,-3.3339967727661133
1EY0,0.2,1.01171875,-0.8694381713867188,0.9233012199401855
1EY0,-0.2,4.03125,5.074801445007324,1.9759693145751953
1EY0,-0.2,12.12890625,15.27415943145752,4.9207305908203125
1EY0,-2.1,10.54296875,26.937511444091797,-0.6324944496154785
1EY0,-0.45,0.7734375,4.031593322753906,0.0390477180480957
1EY0,-1.8,1.228515625,-16.87311553955078,-7.779970169067383
1EY0,-3.35,4.3671875,11.554000854492188,-2.699240207672119
1EY0,-0.5,0.7734375,14.770729064941406,12.7959623336792
1EY0,-1.65,23.42578125,56.59552001953125,24.287504196166992
1EY0,-0.0,-1.703125,-7.998398303985596,-3.7086737155914307
1EY0,-1.0,2.6953125,-5.036128997802734,-0.8339447975158691
1EY0,-5.6,24.849609375,49.212608337402344,10.527751922607422
1EY0,-2.55,14.998046875,3.685302734375,1.0074043273925781
1EY0,-2.7,19.486328125,51.36014175415039,14.257264137268066
1EY0,0.4,-2.69140625,-5.300636291503906,-2.3768653869628906
1EY0,0.3,-1.87890625,-3.694941997528076,4.828657150268555
1EY0,-0.9666666666666668,8.2578125,13.349837303161621,1.1529273986816406
1EY0,-1.15,11.40234375,23.313663482666016,16.68389129638672
1EY0,-0.8,5.1328125,18.83655548095703,8.9515962600708
1EY0,-1.45,4.9375,8.232503890991211,4.1176862716674805
1EY0,-2.7999999999999994,10.615234375,23.94984245300293,6.375775337219238
1EY0,-2.35,3.19921875,11.433647155761719,-0.7519078254699707
1EY0,-4.75,18.82421875,35.80328369140625,3.2100486755371094
1EY0,-2.3,13.47265625,22.372848510742188,1.9076228141784668
1EY0,-1.1,10.69921875,37.255462646484375,18.745603561401367
1EY0,-5.0,23.71875,51.178863525390625,8.564987182617188
1EY0,-3.45,20.515625,34.86388397216797,8.933454513549805
1EY0,-1.45,12.41796875,50.424957275390625,10.891714096069336
1EY0,-2.1,10.45703125,14.189838409423828,4.078642845153809
1EY0,-0.15,6.69921875,38.641780853271484,5.200196743011475
1EY0,-0.4,4.166015625,7.7191057205200195,5.009140968322754
1EY0,-1.5,7.98828125,19.229196548461914,4.566347599029541
1EY0,-1.9,9.29296875,20.447080612182617,14.6763916015625
1EY0,-1.55,9.8984375,20.008699417114258,12.270044326782227
1EY0,-0.95,4.43359375,13.333320617675781,9.238028526306152
1EY0,0.15,0.796875,6.069997787475586,2.9144487380981445
1EY0,-1.65,0.890625,5.160025596618652,-1.1335697174072266
1EY0,-0.2,3.568359375,9.948580741882324,9.098514556884766
1EY0,-0.45,3.75390625,13.237807273864746,8.413101196289062
1EY0,-0.0,1.888671875,4.117580413818359,5.514678955078125
1EY0,-2.05,4.8515625,-1.8124456405639648,-1.1459331512451172
1EY0,-1.6,0.5546875,5.2825422286987305,2.77083683013916
1EY0,-4.65,16.365234375,10.820652961730957,5.58231258392334
1EY0,-1.45,1.9765625,17.31301498413086,2.0278615951538086
1EY0,-0.75,0.314453125,-7.579858779907227,-8.309316635131836
1EY0,-2.066666666666667,13.05078125,28.0167236328125,7.270937919616699
1EY0,-4.45,15.546875,36.53739929199219,14.968233108520508
1EY0,-0.9,-6.7265625,0.01691436767578125,2.246278762817383
1EY0,-5.2,19.921875,37.542808532714844,15.041913986206055
1EY0,0.0599999999999999,-12.890625,-2.1356353759765625,-0.24190902709960938
1EY0,-0.2,-1.9375,16.422256469726562,9.432353019714355
1EY0,-3.1,17.82421875,31.395090103149414,11.339800834655762
1EY0,-1.2999999999999998,8.30859375,17.30341148376465,10.097644805908203
1EY0,-2.965,7.490234375,30.862485885620117,23.859569549560547
1EY0,-0.45,5.6171875,22.896869659423828,12.484567642211914
1EY0,-0.4,1.62890625,7.6743011474609375,5.4707932472229
1EY0,-2.05,13.2109375,27.90325355529785,23.339799880981445
1EY0,-2.866,12.908203125,48.79465866088867,27.348224639892578
1EY0,-2.55,18.31640625,56.24724197387695,28.811569213867188
1EY0,-0.15,4.943359375,7.79689884185791,12.721817970275879
1EY0,-0.5,10.34375,25.65639877319336,29.282846450805664
1EY0,-0.35,1.45703125,5.739615440368652,2.311208724975586
1EY0,-0.1,10.546875,21.639389038085938,24.071998596191406
1EY0,-0.55,7.275390625,12.467284202575684,18.170804977416992
1EY0,-0.25,3.55859375,7.190142631530762,9.487927436828613
1EY0,-0.4725,13.607421875,27.301862716674805,31.476806640625
1EY0,-0.5,6.123046875,11.253662109375,14.327797889709473
1EY0,-0.0,8.03125,13.767316818237305,16.740385055541992
1EY0,-1.2000000000000002,11.1640625,22.132465362548828,22.860130310058594
1EY0,-5.1,30.77734375,37.63094711303711,29.8253116607666
1EY0,-8.2,32.84765625,40.00495147705078,30.879913330078125
1EY0,-6.5,30.23828125,35.963111877441406,32.33838653564453
1EY0,-0.2,1.201171875,-10.264484405517578,0.9934558868408203
1EY0,-1.85,14.68359375,32.00607681274414,33.15201187133789
1EY0,-1.8,11.171875,22.465988159179688,18.72064781188965
1EY0,-3.1500000000000004,17.34765625,18.32697868347168,10.728671073913574
1EY0,-7.7,28.896484375,36.38173294067383,26.306705474853516
1EY0,-6.6,26.755859375,12.543424606323242,11.633995056152344
1EY0,-1.85,1.755859375,1.8160438537597656,-1.3622045516967773
1EY0,-1.15,8.046875,7.373845100402832,0.3570748567581177
1EY0,-5.4,24.71484375,28.02893829345703,18.343822479248047
1EY0,-3.85,14.0,23.356416702270508,19.33120346069336
1EY0,-4.05,13.73046875,32.01511764526367,5.788893222808838
1EY0,-4.7,18.21875,34.997928619384766,10.047290802001953
1EY0,-0.0,16.22265625,42.997703552246094,15.459571838378906
1EY0,-1.0,6.27734375,21.088882446289062,22.564411163330078
1EY0,-0.55,-0.83984375,-4.94776725769043,4.4323506355285645
1EY0,-0.35,4.515625,9.254901885986328,20.372310638427734
1EY0,-0.75,-4.12890625,-2.469391345977783,0.5378193855285645
1EY0,0.1,0.365234375,0.8440656661987305,8.678939819335938
1EY0,-1.1,3.0078125,-0.9295516014099121,2.4426651000976562
1EY0,-0.1,-0.72265625,3.061263084411621,9.442048072814941
1EY0,-2.3,12.904296875,55.599945068359375,51.51408004760742
1EY0,-2.29,20.28125,59.132572174072266,51.890071868896484
1EY0,-2.31,15.455078125,57.119468688964844,51.634559631347656
1EY0,-2.3,20.962890625,58.448883056640625,52.175941467285156
1EY0,-0.05,-1.43359375,-5.223353862762451,-5.642049312591553
1EY0,-0.6499999999999999,1.66796875,15.69805908203125,9.219225883483887
1EY0,-1.2999999999999998,3.8984375,4.924624443054199,-1.4398622512817383
1EY0,-1.1,5.255859375,14.111740112304688,8.060283660888672
1EY0,-2.1500000000000004,8.64453125,13.461559295654297,10.525299072265625
1EY0,-0.9,5.1953125,20.707048416137695,7.658133506774902
1EY0,-0.15,5.0703125,14.738191604614258,16.790176391601562
1EY0,-2.0,11.38671875,28.34308624267578,12.062614440917969
1EY0,0.5,1.5,16.69769287109375,8.958752632141113
1EY0,-0.75,3.392578125,12.633039474487305,3.0783047676086426
1EY0,0.2,0.931640625,7.287747859954834,4.144463539123535
1EY0,0.15,2.533203125,-2.3211560249328613,8.137601852416992
1EY0,-0.0,2.552734375,3.5047049522399902,2.397580146789551
1EY0,-0.8500000000000001,3.046875,9.801464080810547,21.32017707824707
1EY0,-0.35,5.001953125,1.4036355018615723,11.582952499389648
1EY0,-0.1,2.125,5.65343713760376,13.616508483886719
1EY0,-0.4,3.1953125,7.240328788757324,-3.2046947479248047
1EY0,-0.1,0.9140625,1.3090362548828125,0.07590484619140625
1EY0,-1.05,4.6953125,3.3117008209228516,1.543893814086914
1EY0,-0.1,2.3984375,1.3230690956115723,-6.947763442993164
1EY0,-0.4666666666666667,12.09375,50.85780334472656,36.13397979736328
1EY0,-2.0,13.298828125,54.21604919433594,40.312034606933594
1EY0,-3.7,17.56640625,55.725730895996094,43.402828216552734
1EY0,-0.8500000000000001,3.3203125,8.211706161499023,0.21552324295043945
1EY0,-2.55,8.8515625,17.45492935180664,7.152240753173828
1EY0,-0.15,-1.12890625,1.0062007904052734,0.43736839294433594
1EY0,-0.0499999999999999,4.0703125,3.4849491119384766,0.5413417816162109
1EY0,-0.7525,4.189453125,-3.0560483932495117,12.160066604614258
1EY0,-2.6,14.599609375,38.86542892456055,32.91051483154297
1EY0,-1.2,8.00390625,24.715118408203125,32.94253921508789
1EY0,-3.2,18.3046875,43.23457717895508,36.204833984375
1EY0,-1.1,2.84765625,6.384607315063477,2.1851959228515625
1EY0,-1.4,5.509765625,13.707598686218262,13.348657608032227
1EY0,-8.6,17.9453125,45.2818717956543,27.318248748779297
1EY0,-1.95,12.54296875,34.714229583740234,20.784290313720703
1EY0,-2.0,7.1484375,26.048980712890625,14.333650588989258
1EY0,-0.1,5.1484375,15.847591400146484,3.136143684387207
1EY0,-5.3,10.763671875,29.314966201782227,29.491188049316406
1EY0,-8.7,17.017578125,32.52092742919922,18.147750854492188
1EY0,-2.35,2.41015625,10.243635177612305,11.677664756774902
1EY0,-6.7,17.974609375,30.933021545410156,38.292572021484375
1EY0,-3.85,11.515625,27.16795539855957,14.229287147521973
1EY0,-5.3,11.30859375,27.447551727294922,31.21162223815918
1EY0,-4.05,22.54296875,34.278263092041016,28.642690658569336
1EY0,-9.2,28.44921875,36.281734466552734,27.50944709777832
1EY0,-6.6,24.595703125,37.734283447265625,31.323822021484375
1EY0,-0.6,0.8359375,-4.979169845581055,-2.8740062713623047
1EY0,-1.7000000000000002,11.1015625,18.73245620727539,23.345483779907227
1EY0,-0.45,4.4296875,-2.1260831356048584,-0.8079051971435547
1EY0,-6.5,20.07421875,40.16791915893555,39.00056838989258
1EY0,-1.9,2.609375,4.722034454345703,11.889606475830078
1EY0,-7.5,25.421875,43.79536819458008,43.5025634765625
1EY0,-4.5,14.7421875,31.26227569580078,19.629417419433594
1EY0,-2.4,17.017578125,34.338829040527344,18.69192123413086
1EY0,-1.3,4.95703125,36.20962905883789,18.664932250976562
1EY0,-1.75,11.990234375,46.04569625854492,39.59164047241211
1EY0,-2.75,16.138671875,50.31816101074219,44.61901092529297
1EY0,-3.7,20.60546875,52.87788009643555,47.67973327636719
1EY0,-0.15,4.173828125,18.278289794921875,13.829252243041992
1EY0,-0.55,0.27734375,13.925485610961914,2.138061046600342
1EY0,-0.6499999999999999,4.66796875,19.13782501220703,17.4505672454834
1EY0,-1.7999999999999998,8.5234375,24.512754440307617,20.42241096496582
1EY0,-0.35,0.544921875,6.543040752410889,7.517150402069092
1EY0,-4.5,4.3203125,2.8538970947265625,-2.2904281616210938
1EY0,-4.45,6.07421875,4.065090179443359,-1.7980194091796875
1EY0,-4.4,8.84765625,9.359912872314453,8.105329513549805
1EY0,-2.3,-0.193359375,0.19209671020507812,-5.771036148071289
1EY0,-3.3,18.765625,27.35265350341797,9.562278747558594
1EY0,-8.7,22.86328125,38.47252655029297,12.860172271728516
1EY0,-5.0,20.81640625,30.76201057434082,15.171369552612305
1EY0,-0.15,-3.255859375,9.837583541870117,4.105044841766357
1EY0,-0.2,-3.96875,1.0833778381347656,0.47469237446784973
1EY0,-5.1,23.984375,32.740142822265625,12.709149360656738
1EY0,-3.35,14.30859375,23.352500915527344,13.321489334106445
1EY0,-5.2,2.501953125,8.523797035217285,5.149020195007324
1EY0,-4.4,1.67578125,5.4957170486450195,2.051971435546875
1EY0,-5.05,0.4609375,2.1571388244628906,-1.1532325744628906
1EY0,-1.7999999999999998,11.744140625,2.3881144523620605,6.258993148803711
1EY0,-1.35,6.912109375,11.815362930297852,3.8510122299194336
1EY0,-1.85,14.26171875,9.122644424438477,2.024868965148926
1EY0,-4.6,11.71875,29.44385528564453,8.137463569641113
1EY0,-7.2,23.48046875,46.05767822265625,10.228776931762695
1EY0,-6.6,20.4453125,16.154376983642578,9.779349327087402
1EY0,-1.1,11.025390625,44.796207427978516,12.610031127929688
1EY0,-2.0,14.470703125,46.65914535522461,13.416925430297852
1EY0,-2.85,20.037109375,37.6502571105957,6.382787704467773
1EY0,-6.5,27.400390625,39.022972106933594,6.532742500305176
1EY0,-6.5,27.3984375,40.433624267578125,8.192915916442871
1EY0,0.25,-0.5625,-11.918960571289062,-2.047154426574707
1EY0,-0.8,9.447265625,2.9560680389404297,1.7272076606750488
1EY0,-4.9,23.00390625,39.54039764404297,8.936040878295898
1EY0,-2.5,11.248046875,32.250946044921875,8.563302993774414
1EY0,-1.35,-0.85546875,-1.9770927429199219,-3.847291946411133
1EY0,-2.6,7.71875,22.591854095458984,12.685550689697266
1EY0,-2.95,5.609375,13.537321090698242,6.272985935211182
1EY0,-2.4,3.953125,7.75691032409668,1.5233898162841797
1EY0,0.15,-2.4453125,-1.9044246673583984,-3.844871997833252
1EY0,-1.5,7.7265625,8.937718391418457,-0.47501516342163086
1EY0,-4.45,22.349609375,59.129268646240234,26.051725387573242
1EY0,-7.5,33.056640625,58.07798767089844,30.944578170776367
1EY0,-5.8,22.57421875,47.50859069824219,12.261679649353027
1EY0,-7.2,25.5390625,52.78685760498047,13.395703315734863
1EY0,-3.35,15.91015625,51.88351821899414,14.923666954040527
1EY0,-3.85,20.087890625,52.49736785888672,15.496245384216309
1EY0,-7.7,29.16015625,55.284732818603516,10.057243347167969
1EY0,-1.0,11.23828125,29.29808235168457,5.456518650054932
1EY0,-2.95,33.98828125,57.01016616821289,13.273488998413086
1EY0,-1.3,6.654296875,14.408520698547363,2.3223228454589844
1EY0,-2.7,12.66015625,16.709381103515625,4.673169136047363
1EY0,-4.425,15.921875,42.89687728881836,8.697173118591309
1EY0,-4.85,14.927734375,47.12086868286133,11.879563331604004
1EY0,-0.7,6.484375,28.439430236816406,9.44773006439209
1EY0,-0.9,3.99609375,20.220487594604492,7.686186790466309
1EY0,-4.75,13.0703125,44.86469268798828,11.005507469177246
1EY0,-2.35,6.6015625,31.82415008544922,10.33860969543457
1EY0,-0.8,9.5703125,35.83147048950195,18.782726287841797
1EY0,-1.4333333333333336,15.15234375,49.224151611328125,18.845848083496094
1EY0,0.1,4.046875,17.283811569213867,5.909628868103027
1EY0,-1.35,17.421875,49.797000885009766,14.400970458984375
1EY0,0.05,-4.892578125,-7.012314796447754,-8.751598358154297
1EY0,0.05,-0.74609375,2.7753772735595703,-0.480072021484375
1EY0,-0.25,0.421875,1.3286027908325195,-5.292367935180664
1EY0,0.2,-2.04296875,-1.7755632400512695,-9.5191650390625
1EY0,0.05,7.609375,-4.963708877563477,4.973659515380859
1EY0,-0.1,7.701171875,-0.013410568237304688,9.714831352233887
1EY0,-0.1,-1.400390625,-12.053146362304688,-3.1442112922668457
1EY0,-1.1,2.18359375,-19.048015594482422,1.9944474697113037
1EY0,-0.0,2.3203125,-1.3091964721679688,3.425565004348755
1EY0,-0.3,-0.390625,1.1608104705810547,6.334217071533203
1EY0,-0.25,1.357421875,7.61253547668457,-0.7103118896484375
1EY0,-0.05,-0.126953125,2.346980094909668,0.3808917999267578
1EY0,-0.6499999999999999,6.869140625,15.636404037475586,5.083288192749023
1EY0,-0.25,-0.552734375,4.566017150878906,-4.088268280029297
1EY0,0.7,-3.90625,-16.170291900634766,2.0543880462646484
1EY0,-0.15,-0.44140625,0.49221038818359375,13.002702713012695
1EY0,1.05,1.5234375,3.079730987548828,10.68747329711914
1EY0,0.8,13.62890625,53.810760498046875,43.4895133972168
1EY0,0.3,18.1171875,58.36602020263672,47.459651947021484
1EY0,1.1666666666666667,18.42578125,52.65229415893555,39.30477523803711
1EY0,0.2,13.611328125,54.92092514038086,45.5727653503418
1EY0,1.1,14.755859375,53.799102783203125,45.97527313232422
1EY0,-2.0,13.5,49.916805267333984,35.18129348754883
1EY0,-2.4,13.392578125,43.657691955566406,27.553951263427734
1EY0,-1.9,16.10546875,47.211875915527344,41.61903762817383
1EY0,-1.7666666666666668,14.6328125,42.67905044555664,27.152084350585938
1EY0,-1.1666666666666667,3.64453125,23.230146408081055,22.373584747314453
1EY0,-1.1666666666666667,12.123046875,26.940792083740234,30.584564208984375
1EY0,-1.15,1.15625,7.255602836608887,10.207719802856445
1EY0,-1.65,5.478515625,13.58914852142334,25.01457977294922
1EY0,-2.0,7.4453125,8.951090812683105,9.567575454711914
1EY0,-1.6,2.0078125,12.894454002380371,13.429174423217773
1EY0,-0.6,1.31640625,5.27694034576416,5.364460468292236
1EY0,-1.7000000000000002,0.44921875,10.575204849243164,9.32009506225586
1EY0,-0.25,-2.6953125,-4.594782829284668,-2.486661434173584
1EY0,-0.6,2.58203125,10.04548168182373,8.696473121643066
1EY0,-0.5,2.03515625,0.6821146011352539,2.513972282409668
1EY0,-4.85,21.2265625,47.547813415527344,19.54265022277832
1EY0,-8.2,25.23046875,51.26593017578125,21.301218032836914
1EY0,-7.0,28.98046875,50.8048095703125,21.773714065551758
1EY0,-1.0,9.6640625,30.61309051513672,14.26252269744873
1EY0,-2.3,14.2109375,43.583988189697266,22.610185623168945
1EY0,-1.65,3.921875,0.5696372985839844,1.0359773635864258
1EY0,-2.9,9.90234375,12.305997848510742,7.666092872619629
1EY0,0.2,-1.427734375,-0.001659393310546875,4.134673595428467
1EY0,-0.3,4.611328125,18.550870895385742,16.445846557617188
1EY0,-0.7,3.0859375,10.918222427368164,9.834245681762695
1EY0,0.75,-2.5390625,-18.390161514282227,-5.470659255981445
1EY0,-1.0,-2.5,-2.7065954208374023,4.480316162109375
1EY0,-1.55,6.91015625,13.880270004272461,5.334046363830566
1EY0,-1.05,6.5,13.447195053100586,7.32675838470459
1EY0,-1.15,4.966796875,18.574710845947266,6.28201961517334
1EY0,-0.15,1.451171875,5.8943562507629395,-1.316760540008545
1EY0,-0.6499999999999999,2.73828125,9.952037811279297,6.677112102508545
1EY0,-2.35,8.6015625,15.829425811767578,4.860866069793701
1EY0,-7.3,25.841796875,56.34614944458008,11.94685173034668
1EY0,-3.65,17.205078125,45.94615173339844,5.7786784172058105
1EY0,-4.75,21.15625,58.07707214355469,17.00762176513672
1EY0,-1.35,5.52734375,19.991281509399414,3.5388522148132324
1EY0,-1.35,6.095703125,23.77980613708496,11.369823455810547
1EY0,-3.25,14.9375,35.710693359375,7.741087436676025
1EY0,-0.45,0.89453125,14.299880027770996,7.010642051696777
1EY0,0.1,-2.58203125,-0.9460678100585938,-0.11267566680908203
1EY0,-0.7,6.734375,29.343482971191406,18.94512176513672
1EY0,-0.4000000000000001,5.390625,23.088590621948242,11.675623893737793
1EY0,-0.75,5.166015625,19.80120086669922,7.377520561218262
1EY0,-0.8000000000000002,6.291015625,30.777891159057617,7.402616500854492
1EY0,-1.1,10.9296875,41.441532135009766,15.63568115234375
1EY0,-0.0333333333333333,6.79296875,30.181751251220703,7.487773895263672
1EY0,-2.25,8.875,35.137367248535156,6.352635383605957
1EY0,-4.5,19.6953125,42.25489807128906,8.13205337524414
1EY0,-0.8,8.111328125,34.96062088012695,9.00039005279541
1EY0,-1.4,8.61328125,38.2624626159668,9.364566802978516
1EY0,-1.05,0.05859375,18.920400619506836,-4.102408409118652
1EY0,0.3,-0.6796875,-0.4813652038574219,-5.497155666351318
1EY0,-3.4,15.037109375,25.135969161987305,3.0042335987091064
1EY0,-4.300000000000001,15.001953125,27.110483169555664,3.928511381149292
1EY0,-0.1,-0.9375,-25.394044876098633,-3.7002005577087402
1EY0,-0.4,5.33203125,3.0578479766845703,10.014578819274902
1EY0,-1.45,7.828125,18.837648391723633,3.9060938358306885
1EY0,-0.6,1.365234375,-23.823320388793945,-9.400071144104004
1EY0,-0.4,6.21484375,7.425043106079102,-1.5648956298828125
1EY0,-4.5,20.9765625,24.705448150634766,-6.610446453094482
1EY0,-1.1,-2.779296875,-19.507360458374023,-8.117762565612793
1FTG,-2.596666666666667,14.89453125,22.991474151611328,9.611119270324707
1FTG,-0.1,17.6796875,11.873697280883789,-0.4251527786254883
1FTG,0.4614285714285714,-2.05078125,-0.5908279418945312,-7.068611145019531
1FTG,0.2575,0.19140625,-11.501559257507324,-18.43924331665039
1FTG,-0.86,1.68359375,-0.49251699447631836,2.6586694717407227
1FTG,0.09,8.04296875,14.653453826904297,16.51543426513672
1FTG,-1.5499999999999998,-0.390625,-2.3066372871398926,1.908766746520996
1FTG,-0.7333333333333334,20.61328125,28.214038848876953,17.780332565307617
1FTG,-0.35,26.26171875,32.201045989990234,26.301790237426758
1FTG,-1.94,5.48828125,7.037158012390137,9.259632110595703
1FTG,-1.7999999999999998,7.48046875,18.11654281616211,8.755440711975098
1FTG,-1.28,14.20703125,22.519865036010742,12.973474502563477
1FTG,-0.8,0.078125,-0.3520965576171875,0.15979480743408203
1FTG,0.9566666666666666,18.18359375,46.45848083496094,22.43659210205078
1FTG,-1.146,7.25390625,18.81665802001953,9.183003425598145
1FTG,-1.132,4.48828125,14.415426254272461,3.437735080718994
1FTG,0.4766666666666667,-3.92578125,-11.480907440185547,-6.544624328613281
1FTG,0.014,-1.32421875,2.7905197143554688,1.2480182647705078
1FTG,0.052,2.05078125,2.32108211517334,1.8987150192260742
1FTG,-1.5179999999999998,13.58984375,15.27091121673584,3.6841702461242676
1FTG,-0.11,11.69140625,41.964969635009766,17.672828674316406
1FTG,-0.4166666666666667,25.23046875,59.908966064453125,26.146909713745117
1FTG,-0.0033333333333333,20.734375,58.51673889160156,27.249053955078125
1FTG,-0.515,2.74609375,19.334253311157227,0.8795888423919678
1FTG,0.89,-1.07421875,-22.408557891845703,-17.149545669555664
1FTG,-0.0833333333333333,17.04296875,11.14604377746582,7.118008613586426
1FTG,-0.0259999999999999,10.66015625,2.069568634033203,3.5279340744018555
1FTG,-0.7,2.2265625,6.653753280639648,0.6471266746520996
1FTG,-0.44,0.265625,3.2409048080444336,1.583603024482727
1FTG,-0.6083333333333334,1.36328125,9.976801872253418,2.3468363285064697
1FTG,0.2066666666666666,0.21875,-5.820552825927734,-2.4305191040039062
1FTG,-1.644,14.33203125,32.443302154541016,6.559442520141602
1FTG,0.0816666666666666,7.7890625,25.484363555908203,-0.5942301750183105
1FTG,-0.9333333333333336,8.80078125,25.843212127685547,10.171528816223145
1FTG,-0.1,22.33984375,50.18700408935547,13.923133850097656
1FTG,-0.15,28.11328125,50.766082763671875,24.372751235961914
1FTG,-2.418,5.70703125,11.106267929077148,9.703302383422852
1FTG,-1.658,11.53515625,30.812255859375,16.731538772583008
1FXA,-2.4,12.033203125,12.877391815185547,6.950794219970703
1FXA,-1.4,10.548828125,17.37550926208496,9.812112808227539
1FXA,0.1,1.228515625,-10.550426483154297,6.09757137298584
1FXA,-1.0,13.0546875,11.192468643188477,-8.695008277893066
1FXA,-0.9,17.6484375,35.216819763183594,3.1769495010375977
1FXA,-0.6,2.390625,4.3838348388671875,9.820197105407715
1FXA,-0.5,2.466796875,-0.8081741333007812,-1.7184267044067383
1HK0,-0.5,0.38671875,-0.8466072082519531,-2.5761003494262695
1HK0,-1.8503717077085938e-17,11.21875,34.183406829833984,8.210729598999023
1HK0,0.1499999999999999,10.6171875,10.201809883117676,2.199568748474121
1HK0,-1.4249999999999998,6.0703125,16.1616268157959,8.593452453613281
1HK0,-1.625,13.0390625,28.906108856201172,13.412882804870605
1HK0,-2.375,16.5390625,20.196617126464844,11.122061729431152
1HK0,0.05,12.37109375,34.64046859741211,7.841131687164307
1HK0,-1.6249999999999998,10.1796875,24.238618850708008,14.068608283996582
1HK0,-0.8500000000000001,3.94140625,-2.168086051940918,-8.96342945098877
1HK0,1.3,3.09375,5.046056747436523,10.162885665893555
1HMS,-3.7,20.341796875,50.214176177978516,35.89620590209961
1HMS,-3.8,27.341796875,58.49539566040039,41.086029052734375
1HMS,-4.0,8.498046875,2.8008785247802734,-4.421030044555664
1HMS,-3.02,3.53515625,7.344228744506836,-0.6891441345214844
1HMS,-0.0,5.80078125,28.280704498291016,14.436006546020508
1HMS,-2.4,7.935546875,25.283245086669922,9.125286102294922
1HMS,-2.7,7.3984375,18.859619140625,16.09515953063965
1HMS,-0.8,3.462890625,2.2600555419921875,-2.1811628341674805
1HMS,-3.27,3.755859375,5.652946472167969,3.747098922729492
1HMS,-4.37,1.568359375,-4.077329635620117,3.4932098388671875
1HMS,-1.84,-4.79296875,-20.29176902770996,-23.96010971069336
1HMS,-3.015,5.4140625,25.919878005981445,16.003578186035156
1HMS,-3.8,13.173828125,44.44027328491211,34.91399002075195
1HMS,-3.7,19.0703125,44.933197021484375,38.55524826049805
1HMS,-1.2,8.69140625,38.0054931640625,33.95071029663086
1HMS,-3.17,0.330078125,9.232036590576172,-4.822099685668945
1HMS,-3.98,0.58984375,7.735881805419922,5.2422709465026855
1HMS,-0.4599999999999999,-1.935546875,-4.0167083740234375,1.7011361122131348
1HMS,-3.26,-1.3515625,0.5196037292480469,4.860668182373047
1HRC,-5.7,5.99609375,18.407377243041992,7.9653825759887695
1HRC,-5.0,18.830078125,51.75529479980469,23.880369186401367
1HRC,-3.1,-2.875,-10.308694839477539,-6.376279830932617
1HRC,-2.3,-0.87890625,-0.20609664916992188,-0.7041316032409668
1HRC,-3.5,14.021484375,30.33203887939453,14.715585708618164
1HRC,0.2,11.61328125,24.05514907836914,7.813587665557861
1HRC,-0.8,10.537109375,13.508203506469727,10.685487747192383
1HZ6,-1.3,10.732421875,27.96269989013672,30.61400604248047
1HZ6,-1.8,9.5595703125,22.33444595336914,18.804702758789062
1HZ6,-4.5,25.5849609375,44.29252624511719,32.182247161865234
1HZ6,-0.6,2.9599609375,5.117221832275391,3.030080795288086
1HZ6,-0.9,10.140625,15.406899452209473,14.808709144592285
1HZ6,-2.4,8.5947265625,1.9887475967407227,-4.766448020935059
1HZ6,-1.8,6.9287109375,9.346041679382324,5.539036750793457
1HZ6,-2.7,9.55078125,29.389963150024414,18.968666076660156
1HZ6,-1.3,5.5078125,26.929468154907227,27.21814727783203
1HZ6,-0.4,0.3134765625,1.7382334470748901,3.009507179260254
1HZ6,-2.9,15.4716796875,46.28208541870117,17.43465805053711
1HZ6,-0.6,7.1982421875,30.125869750976562,7.192543983459473
1HZ6,-0.1,-0.3681640625,-3.5933990478515625,-4.854869842529297
1HZ6,-1.1,12.2080078125,38.994014739990234,19.820842742919922
1HZ6,-1.7,10.3642578125,33.75373077392578,32.24968338012695
1HZ6,-1.6,13.283203125,54.60396194458008,44.70186996459961
1HZ6,-2.7,17.7080078125,56.881629943847656,48.059478759765625
1HZ6,-0.2,2.5556640625,11.674653053283691,13.152288436889648
1HZ6,-1.2,7.1806640625,25.752399444580078,20.327953338623047
1HZ6,-1.0,7.3154296875,22.913986206054688,15.205451011657715
1HZ6,-2.1,11.1298828125,16.208663940429688,7.26397705078125
1HZ6,1.1,-4.96875,-4.364714622497559,-9.501737594604492
1HZ6,-5.2,10.8759765625,11.875192642211914,7.1679887771606445
1HZ6,-3.3,17.3779296875,36.07577133178711,16.57415199279785
1HZ6,-0.9,5.0712890625,5.85806941986084,8.194379806518555
1HZ6,-1.9,12.810546875,54.57868957519531,51.5865592956543
1HZ6,-1.1,-0.517578125,2.5439605712890625,5.227025985717773
1HZ6,-3.1,9.79296875,19.423446655273438,1.3753509521484375
1HZ6,-0.4,2.1533203125,4.441824913024902,-5.638294696807861
1HZ6,-0.0,5.3720703125,10.008556365966797,8.103452682495117
1HZ6,-2.5,14.0615234375,40.839542388916016,19.680118560791016
1HZ6,-1.2,6.6025390625,3.3958187103271484,1.7596712112426758
1HZ6,0.3,-4.5654296875,-7.490440368652344,-1.4205913543701172
1HZ6,-0.8,1.6142578125,8.640266418457031,7.25149393081665
1HZ6,-0.6,10.267578125,7.7759246826171875,4.419380187988281
1HZ6,-1.5,9.72265625,25.240108489990234,7.752608776092529
1HZ6,0.4,-1.6298828125,-4.067625045776367,-7.863376617431641
1IGV,-1.95,18.076171875,34.936893463134766,39.088111877441406
1IGV,-4.465,22.59375,55.12736892700195,52.196388244628906
1IGV,-1.145,2.83984375,5.796539306640625,10.851140975952148
1IGV,-1.19,6.857421875,27.32714080810547,25.407142639160156
1IGV,-3.465,16.1328125,42.10383605957031,23.353919982910156
1IGV,-4.140000000000001,22.12890625,47.62892150878906,31.661754608154297
1IGV,-2.45,8.9765625,24.806921005249023,32.50027847290039
1IGV,-3.34,20.48828125,28.886001586914062,24.75954818725586
1IGV,-3.975,24.376953125,29.919384002685547,25.936969757080078
1IGV,-4.585,12.177734375,30.024381637573242,23.739294052124023
1IGV,-1.62,11.779296875,-3.9579544067382812,5.385515213012695
1IGV,-0.645,-8.951171875,-17.6898136138916,-12.666078567504883
1IGV,-1.415,5.56640625,20.02980613708496,20.937990188598633
1IO2,-2.92,8.078125,14.35197925567627,7.490015506744385
1IO2,-2.13,15.76953125,22.870079040527344,5.117332458496094
1IO2,-4.42,16.47265625,27.608949661254883,19.187875747680664
1IO2,-4.54,28.81640625,40.78936004638672,19.52100944519043
1IO2,-3.97,17.82421875,23.04944610595703,13.496747970581055
1IO2,-2.87,13.53125,38.403141021728516,4.8882904052734375
1IO2,-4.04,17.7890625,28.419288635253906,2.8603692054748535
1IO2,-5.26,19.734375,43.357337951660156,13.637033462524414
1IO2,-2.61,13.7890625,25.31985092163086,9.801170349121094
1JNX,-3.4,1.62890625,-21.087345123291016,6.070852279663086
1JNX,-4.2,13.82421875,17.8819522857666,10.825551986694336
1JNX,-1.7,14.25,21.761974334716797,32.74140548706055
1KE4,-1.125,2.140625,25.75279998779297,2.4427359104156494
1KF2,-0.4466666666666666,3.056640625,4.282172203063965,2.6221389770507812
1KF2,-0.0466666666666666,4.28125,-3.6350502967834473,-4.1353864669799805
1KF2,-4.385,19.330078125,33.16364669799805,28.90546417236328
1KF2,-1.795,12.984375,22.538915634155273,5.246187210083008
1KF2,-0.8,1.833984375,-3.3400135040283203,0.3501720428466797
1LZ1,-1.45,0.654296875,-1.5875320434570312,-0.7251319885253906
1LZ1,-0.76,-11.9765625,-48.64133071899414,-3.033346652984619
1LZ1,-1.37,6.251953125,19.096153259277344,14.22549819946289
1LZ1,-1.115,9.4609375,31.282894134521484,17.401546478271484
1LZ1,-0.8300000000000001,9.724609375,26.5477294921875,18.864952087402344
1LZ1,-1.795,14.416015625,30.797325134277344,19.468656539916992
1LZ1,0.75,0.759765625,-1.0541725158691406,2.3587260246276855
1LZ1,-0.15,4.064453125,17.438383102416992,6.7344746589660645
1LZ1,-0.255,6.59765625,22.450031280517578,17.048728942871094
1LZ1,-1.07,5.556640625,16.574068069458008,11.61484146118164
1LZ1,-0.49,5.16796875,-2.375,2.871549606323242
1LZ1,-1.105,6.0078125,14.25413703918457,8.814104080200195
1LZ1,-0.98,10.6796875,26.41524314880371,19.507169723510742
1LZ1,-2.965,15.130859375,48.47648620605469,28.18639373779297
1LZ1,-0.11,7.810546875,17.997486114501953,13.021656036376953
1LZ1,-0.0,2.541015625,9.66944694519043,15.236406326293945
1LZ1,0.1,6.2734375,10.491851806640625,12.198465347290039
1LZ1,-1.545,15.060546875,54.133216857910156,44.291839599609375
1LZ1,-1.1566666666666665,10.94921875,43.084529876708984,25.80548858642578
1LZ1,-0.4,8.689453125,41.8720817565918,21.220233917236328
1LZ1,-2.8,12.826171875,40.42442321777344,13.159743309020996
1LZ1,-0.5,0.978515625,6.6970062255859375,1.7075023651123047
1LZ1,-2.5,24.603515625,50.149288177490234,22.825286865234375
1LZ1,1.405,-0.607421875,20.74089813232422,5.82601261138916
1LZ1,0.925,4.279296875,26.35219955444336,5.742603302001953
1LZ1,-2.645,12.4375,50.12376403808594,39.41981506347656
1LZ1,-1.62,12.716796875,44.9488525390625,21.905780792236328
1LZ1,-0.3899999999999999,1.462890625,9.528976440429688,4.379368782043457
1LZ1,-0.5,2.970703125,6.87205696105957,17.514162063598633
1LZ1,-0.6000000000000001,13.412109375,27.208459854125977,16.269067764282227
1LZ1,-0.515,10.1171875,28.758159637451172,12.12219524383545
1LZ1,-0.5,12.15625,42.89171600341797,35.03536605834961
1LZ1,-0.29,6.798828125,30.651222229003906,17.290254592895508
1LZ1,-0.86,5.982421875,26.82725715637207,15.57512378692627
1LZ1,-2.49,17.166015625,47.124244689941406,23.097171783447266
1LZ1,-0.19,-3.705078125,-0.652412474155426,0.6366701126098633
1LZ1,-2.32,19.185546875,42.6379508972168,19.15150260925293
1LZ1,-1.2,15.572265625,44.50226974487305,24.24489974975586
1LZ1,-1.0,12.990234375,51.938072204589844,24.410066604614258
1LZ1,0.2,6.787109375,24.140220642089844,9.595324516296387
1LZ1,-0.3,0.72265625,9.090117454528809,0.21047258377075195
1LZ1,0.4566666666666667,-0.224609375,3.574148178100586,-0.8911004662513733
1LZ1,1.1,1.943359375,-6.732090473175049,-0.06476449966430664
1LZ1,0.975,-4.298828125,-5.55940055847168,-3.420969009399414
1LZ1,0.515,0.30859375,6.660469055175781,7.81767463684082
1LZ1,0.53,-4.38671875,-32.41071319580078,-15.94908332824707
1LZ1,-0.0,4.501953125,8.210029602050781,7.9663519859313965
1LZ1,-0.0999999999999999,2.560546875,26.966583251953125,16.987852096557617
1LZ1,-0.5,0.427734375,11.589756965637207,5.298104763031006
1LZ1,-0.96,2.318359375,6.416980743408203,4.10345458984375
1LZ1,-3.236666666666667,17.134765625,34.049774169921875,15.738336563110352
1LZ1,-3.795,16.240234375,35.142704010009766,21.24306869506836
1LZ1,-0.25,-0.9765625,-5.070442199707031,-1.4483146667480469
1LZ1,-1.635,8.947265625,19.260414123535156,10.157886505126953
1LZ1,-6.67,16.517578125,28.138587951660156,21.34305191040039
1LZ1,-0.9325,6.837890625,6.876262664794922,9.841577529907227
1LZ1,1.055,4.314453125,3.537576675415039,9.798812866210938
1LZ1,2.06,5.384765625,11.481645584106445,9.203840255737305
1LZ1,-1.2260000000000002,16.708984375,46.37029266357422,24.158117294311523
1LZ1,-0.755,9.634765625,44.58724594116211,27.827579498291016
1LZ1,-3.2833333333333337,25.296875,48.348697662353516,26.12751007080078
1LZ1,0.35,2.736328125,15.585994720458984,5.288825988769531
1LZ1,-1.045,6.32421875,24.315181732177734,23.66797637939453
1LZ1,-2.795,18.923828125,43.83891296386719,23.788177490234375
1LZ1,-1.61,10.3046875,22.05984878540039,19.38035774230957
1LZ1,-1.0575,6.91015625,18.65686798095703,11.57828140258789
1LZ1,-3.49,14.400390625,47.41656494140625,32.527488708496094
1LZ1,-0.5,13.404296875,32.21477508544922,38.6928825378418
1LZ1,-0.24,-0.15234375,2.6184873580932617,3.9104318618774414
1LZ1,-0.56,9.25,44.67250442504883,27.521217346191406
1LZ1,-1.2,10.623046875,45.230552673339844,27.96209144592285
1LZ1,-0.3299999999999999,6.396484375,34.2924919128418,22.60302734375
1LZ1,-0.3975,0.75390625,0.4672966003417969,-1.763845443725586
1LZ1,-0.715,6.587890625,14.90603256225586,3.6336402893066406
1LZ1,-0.145,5.517578125,9.989543914794922,7.427265167236328
1LZ1,-0.22,5.732421875,12.743370056152344,7.868080139160156
1LZ1,1.175,1.150390625,3.254537582397461,0.7495155334472656
1LZ1,0.295,-1.673828125,-14.941555976867676,-13.202272415161133
1LZ1,0.55,0.640625,-5.548856735229492,-0.7587795257568359
1LZ1,-0.765,4.232421875,9.353158950805664,2.934450149536133
1LZ1,-0.735,-1.447265625,-15.266297340393066,-10.898529052734375
1LZ1,-0.19,2.01171875,5.480047225952148,-3.9562759399414062
1LZ1,-0.67,6.650390625,10.083328247070312,9.471364974975586
1LZ1,-4.6,11.99609375,39.428749084472656,-7.213857650756836
1LZ1,0.8,-0.962890625,6.152637481689453,11.86794662475586
1LZ1,1.0,2.240234375,8.943628311157227,10.353431701660156
1LZ1,-2.2,18.248046875,36.063323974609375,18.871599197387695
1LZ1,-0.4824999999999999,4.00390625,17.19335174560547,13.350323677062988
1LZ1,1.505,1.857421875,4.279119491577148,-3.023251533508301
1LZ1,-0.788,13.3671875,35.18573760986328,12.072715759277344
1LZ1,-0.7350000000000001,10.755859375,34.87376022338867,14.867362022399902
1LZ1,0.56,9.146484375,-0.6446399688720703,2.798696517944336
1LZ1,-1.0,10.951171875,14.041841506958008,4.7268218994140625
1LZ1,-0.9425,13.1015625,25.830129623413086,17.672119140625
1LZ1,-0.7,15.439453125,30.95903778076172,18.45648193359375
1LZ1,-0.6260000000000001,11.611328125,37.06825256347656,26.73885726928711
1LZ1,-2.025,18.013671875,22.41888427734375,28.68243408203125
1LZ1,-0.545,10.501953125,28.004051208496094,22.013742446899414
1LZ1,-0.0,6.4609375,33.445377349853516,22.059850692749023
1LZ1,-0.8600000000000001,10.81640625,51.71649932861328,37.41853332519531
1LZ1,-0.865,15.076171875,44.25750732421875,31.3139705657959
1LZ1,-0.95,9.033203125,23.33879852294922,23.87974739074707
1LZ1,0.4399999999999999,-2.439453125,-6.643054962158203,-7.266391754150391
1LZ1,1.385,-0.083984375,-1.9859161376953125,-8.595365524291992
1LZ1,-0.6833333333333332,4.123046875,2.565774917602539,6.080366134643555
1LZ1,1.34,-0.337890625,-8.206016540527344,-1.5836105346679688
1LZ1,0.8300000000000001,0.515625,1.3598003387451172,1.3685874938964844
1LZ1,0.07,0.34375,-2.800098419189453,-2.7157135009765625
1LZ1,0.415,2.171875,6.498571395874023,7.870174407958984
1LZ1,0.285,-0.658203125,-2.0463180541992188,-4.722629547119141
1LZ1,2.4,-6.568359375,-31.35264015197754,-24.109676361083984
1LZ1,1.24,-0.166015625,-6.116273880004883,-17.0916805267334
1LZ1,-0.47,4.138671875,-0.760162353515625,3.650421142578125
1LZ1,0.245,4.583984375,26.328914642333984,25.98017692565918
1LZ1,0.6166666666666667,-0.279296875,1.302053451538086,4.890501022338867
1LZ1,-1.5379999999999998,14.98828125,35.34966278076172,21.479389190673828
1LZ1,-0.2299999999999999,-1.419921875,4.223655700683594,1.898550033569336
1LZ1,-1.104,16.970703125,25.16914939880371,19.984432220458984
1LZ1,-0.575,14.255859375,54.543304443359375,42.375648498535156
1LZ1,0.52,11.279296875,48.158992767333984,30.88804817199707
1LZ1,-0.8719999999999999,13.60546875,51.26821517944336,31.200119018554688
1MGR,-0.6,0.6328125,2.526423454284668,4.447624206542969
1MGR,0.5,-1.01953125,5.79371452331543,5.054308891296387
1MGR,-2.6,5.5,7.076906204223633,9.163400650024414
1MGR,-2.1,3.3046875,25.01642608642578,26.886882781982422
1MGR,-0.7,2.09375,9.006538391113281,4.646485328674316
1MGR,-1.5,0.287109375,8.6895751953125,15.717960357666016
1MGR,-1.0,1.560546875,11.16596794128418,11.36749267578125
1MGR,-0.0,0.966796875,-6.603509902954102,0.5917062759399414
1OIA,-0.7,-0.30859375,2.927549362182617,1.7774391174316406
1OIA,-1.3,8.962890625,30.70372200012207,31.18267059326172
1OIA,-0.0,1.685546875,5.750034332275391,0.9619922637939453
1OIA,-2.3,2.48828125,10.129104614257812,2.797933578491211
1OIA,-5.1,9.607421875,20.850860595703125,3.511066436767578
1OIA,-0.0,0.69921875,-5.853059768676758,-9.014495849609375
1OIA,-2.6,-0.236328125,-8.30810546875,1.1927413940429688
1OIA,-2.9,12.1484375,37.36319351196289,37.12950134277344
1POH,-0.365,6.93359375,25.387680053710938,5.899322509765625
1POH,-1.0,10.12890625,33.035396575927734,25.9320068359375
1POH,1.45,-1.677734375,2.9227638244628906,-4.819751739501953
1POH,0.4000000000000001,0.71875,-0.3595409393310547,-3.189556121826172
1POH,1.5,-3.669921875,-8.202156066894531,1.2117805480957031
1POH,1.5666666666666664,-1.66796875,3.4006099700927734,-0.21282339096069336
1POH,2.0,-3.03515625,-5.406122207641602,-7.157398700714111
1POH,1.1,0.92578125,-3.152383804321289,3.8599843978881836
1POH,0.95,3.54296875,9.92834758758545,11.49255657196045
1POH,0.35,0.22265625,10.623173713684082,7.727825164794922
1POH,1.5,-3.103515625,-2.0497655868530273,2.503908157348633
1POH,-0.15,1.58984375,6.0204010009765625,5.691400527954102
1POH,1.0333333333333334,-2.67578125,-2.2980403900146484,-0.4219369888305664
1QJP,-3.6,2.607421875,25.20159339904785,11.890960693359375
1QJP,-2.0,3.818359375,6.171699523925781,-14.854846954345703
1QJP,-3.8,14.466796875,57.2961311340332,38.527896881103516
1QJP,-1.2,3.291015625,15.284446716308594,12.246670722961426
1QJP,-2.5,-0.384765625,18.331336975097656,-2.8621559143066406
1QJP,-2.0,-7.443359375,-8.148436546325684,-19.53245735168457
1QJP,-2.1,0.271484375,39.33824920654297,4.358400344848633
1QJP,-2.7,10.494140625,60.743858337402344,44.73875045776367
1QJP,-3.3,5.3515625,39.001220703125,-5.873435020446777
1QJP,-3.1,2.689453125,46.54320526123047,0.2634429931640625
1QLP,0.9,6.5625,14.8662109375,14.119369506835938
1QLP,0.9,5.234375,14.555973052978516,6.874124526977539
1QLP,2.5,16.171875,14.363109588623047,22.204853057861328
1QLP,0.6,5.796875,14.477832794189453,12.06930923461914
1QLP,3.01,3.875,3.6094179153442383,-5.835596084594727
1QLP,2.1,-0.1015625,-9.257630348205566,-25.493844985961914
1QLP,-0.2,3.8671875,18.06442642211914,13.470413208007812
1QLP,-0.3,-0.34375,-4.909812927246094,0.5747213363647461
1QLP,1.0,3.546875,7.698760986328125,10.127084732055664
1QLP,1.0,2.390625,6.953298568725586,3.1282901763916016
1QLP,1.6,-5.75,-31.11400604248047,-15.363182067871094
1QLP,0.2,-1.625,10.694265365600586,10.457711219787598
1QLP,-0.7,-0.7734375,6.544361114501953,0.8327980041503906
1QLP,-0.2,3.9375,-3.4256091117858887,2.462553024291992
1QLP,1.2,-2.546875,-11.019061088562012,2.4973549842834473
1QLP,0.5,3.0234375,6.068544387817383,0.36005592346191406
1QLP,-0.6,7.15625,8.166791915893555,8.53122329711914
1QLP,1.5,16.0625,31.5859432220459,25.283775329589844
1QLP,1.8,10.15625,22.750320434570312,25.18920135498047
1QLP,1.4,10.671875,24.24307632446289,20.787601470947266
1QLP,3.8,3.828125,16.203113555908203,14.882490158081055
1QLP,-0.5,3.1328125,30.58985137939453,4.580519199371338
1QLP,1.0,6.265625,19.032882690429688,14.642011642456055
1QLP,1.8,10.3125,-11.751953125,3.303114891052246
1QLP,2.2,3.671875,-5.591636657714844,-0.8223867416381836
1QLP,0.35,6.859375,-29.968164443969727,-9.550060272216797
1QLP,2.3,1.515625,-3.257863998413086,-0.23247146606445312
1QLP,-0.4,2.53125,1.9260025024414062,-4.24716329574585
1QLP,-1.0,1.2890625,-14.415685653686523,-11.690370559692383
1QLP,-0.4,4.296875,4.353931427001953,-3.6719045639038086
1QLP,-0.0,5.03125,22.528366088867188,32.19218826293945
1QLP,-0.8,10.015625,28.280838012695312,35.46238708496094
1QLP,0.8,0.1640625,6.043397903442383,14.779414176940918
1QLP,0.6,-1.875,0.8194971084594727,-5.361438751220703
1QLP,-1.2,5.140625,-9.314586639404297,-5.011823654174805
1QLP,1.6133333333333333,5.3671875,22.852985382080078,10.829383850097656
1QLP,-1.1833333333333331,2.265625,-2.696315288543701,7.020960807800293
1QLP,-0.42,7.828125,16.294879913330078,7.569812774658203
1QLP,0.3466666666666667,2.8671875,0.6344928741455078,-7.846599578857422
1QLP,-0.5966666666666667,3.71875,6.21223258972168,2.357235908508301
1QLP,0.4,-3.25,-0.01177978515625,2.4667224884033203
1QLP,-0.3,6.703125,16.199281692504883,18.50689697265625
1QLP,2.3,-6.390625,-21.523109436035156,-20.643390655517578
1QLP,1.0,-4.640625,0.40135955810546875,-3.901658773422241
1QLP,1.0,-2.3984375,-13.010379791259766,-12.646025657653809
1RN1,-0.8033333333333333,4.705078125,6.961300849914551,1.582629680633545
1RN1,-2.07,-2.30859375,-16.080848693847656,-8.545774459838867
1RN1,-1.155,5.5234375,41.376739501953125,40.301422119140625
1RN1,-2.295,23.25390625,43.80039978027344,17.705244064331055
1RN1,-4.92,22.9296875,41.470184326171875,21.793134689331055
1RN1,-4.69,29.943359375,49.450523376464844,22.043100357055664
1RN1,-3.633333333333333,16.21484375,44.719818115234375,21.4268798828125
1RN1,0.62,-1.5859375,-5.0575456619262695,0.7807550430297852
1RN1,-0.74,12.171875,26.58873176574707,21.31044578552246
1RN1,-0.71,7.166015625,15.23082160949707,2.0077900886535645
1RN1,-0.69,6.1171875,12.982048034667969,-2.790398120880127
1RN1,-0.57,11.501953125,26.86884117126465,15.807859420776367
1RN1,-1.1,7.521484375,14.176351547241211,11.251875877380371
1RN1,-0.17,8.400390625,23.69580841064453,9.584145545959473
1RN1,-0.44,12.224609375,27.752071380615234,11.896171569824219
1RN1,-0.51,2.359375,-0.46999549865722656,-4.214491367340088
1RN1,-0.13,7.900390625,17.695234298706055,3.9267101287841797
1RN1,-0.15,9.373046875,24.93102264404297,15.345022201538086
1RN1,0.34,4.29296875,9.24373722076416,1.3652915954589844
1RN1,-0.4,3.91796875,8.995322227478027,4.614315032958984
1RN1,-0.41,3.78125,3.007497787475586,0.41029930114746094
1RN1,-0.4,1.37890625,5.976555824279785,-1.6578083038330078
1RN1,-0.57,2.8515625,12.391395568847656,3.7474308013916016
1RN1,-0.66,10.41015625,26.717233657836914,12.526981353759766
1RN1,-0.3,14.62109375,29.335037231445312,25.58669090270996
1RN1,-0.39,11.517578125,26.039846420288086,16.19249725341797
1RN1,-1.2,9.390625,47.985626220703125,25.01729965209961
1RN1,1.24,-2.53125,-0.07654190063476562,14.565642356872559
1RN1,1.0175,-3.5,-11.909283638000488,-6.855698585510254
1RN1,0.03,0.29296875,4.24533748626709,3.1977248191833496
1RN1,-4.33,21.0703125,55.08538055419922,38.048744201660156
1RN1,1.145,-1.84765625,-1.7396659851074219,6.612363815307617
1RN1,-0.14,1.8125,3.0458221435546875,12.817044258117676
1RN1,-1.885,19.99609375,57.20332336425781,55.04688262939453
1RN1,-1.8,14.8203125,48.966819763183594,41.66960525512695
1RN1,-1.7333333333333334,18.92578125,58.97917556762695,56.79653549194336
1RN1,0.74,1.248046875,4.111385345458984,9.502016067504883
1RN1,-4.9,11.81640625,42.286338806152344,13.489683151245117
1RN1,-3.6,6.052734375,17.65805435180664,6.3942179679870605
1RN1,-0.745,-0.857421875,6.319386005401611,7.380785942077637
1RN1,-0.47,1.62109375,7.842144012451172,2.6393985748291016
1RN1,-0.93,0.78125,11.424337387084961,-4.140336990356445
1RN1,-1.5,12.2421875,49.77311706542969,21.711917877197266
1RN1,-1.355,1.111328125,-0.5353546142578125,1.9913663864135742
1RN1,2.225,12.03515625,40.64138412475586,16.039453506469727
1RN1,-4.09,18.134765625,41.721561431884766,37.794124603271484
1RN1,-3.685,18.26171875,35.076698303222656,40.201141357421875
1RN1,-4.715,22.240234375,47.55152130126953,41.65449523925781
1RN1,-3.59,12.064453125,28.166629791259766,36.57221221923828
1RN1,-2.89,15.1953125,60.71250534057617,59.04785919189453
1RN1,-3.52,16.63671875,30.957935333251953,28.18996238708496
1RN1,-4.885,25.982421875,34.7309455871582,27.730905532836914
1RN1,-3.085,13.625,26.2532901763916,23.441875457763672
1RRO,-0.7,3.193359375,26.391801834106445,19.398283004760742
1RRO,-0.7,9.1640625,37.47321319580078,24.12187385559082
1RTP,-0.5,5.689453125,11.609500885009766,16.035579681396484
1RTP,-0.485,-2.814453125,-27.485820770263672,-18.466163635253906
1RTP,-0.29,-1.689453125,-6.858392715454102,-4.743590354919434
1SUP,0.48,1.12109375,-22.540088653564453,-2.8225111961364746
1SUP,0.45,1.71875,2.288691520690918,-4.874448776245117
1THQ,-0.98,-3.31640625,7.017534255981445,-12.831235885620117
1THQ,-0.91,-3.15625,4.168381690979004,1.3976192474365234
1THQ,-0.475,-1.859375,-0.7793312072753906,-9.51385498046875
1THQ,-1.0750000000000002,-2.11328125,-7.257437705993652,-2.0574779510498047
1THQ,-1.26,4.6875,-8.939529418945312,2.217957019805908
1THQ,-0.34,-2.375,-16.225784301757812,-11.594297409057617
1THQ,-0.87,4.25,8.508514404296875,6.355785369873047
1THQ,-1.37,1.74609375,-7.857791900634766,-5.773471355438232
1THQ,-1.53,3.2890625,21.398073196411133,20.75992774963379
1THQ,-0.76,-1.12109375,-9.41033935546875,-8.193052291870117
1THQ,-0.4,-2.1171875,-0.9256353378295898,-5.799421310424805
1THQ,-1.27,7.4921875,-0.73345947265625,4.160680770874023
1THQ,-0.51,2.07421875,-2.865621566772461,-9.430679321289062
1THQ,-0.97,-0.80078125,0.6750173568725586,-1.2215166091918945
1THQ,-0.55,12.46875,32.47221374511719,22.614574432373047
1THQ,-0.77,3.94921875,4.410957336425781,-2.8030147552490234
1THQ,0.18,2.390625,0.8451728820800781,-6.183169364929199
1WQ5,7.401486830834377e-17,1.234375,2.1361474990844727,-7.511016845703125
1WQ5,2.6,18.859375,54.487701416015625,50.78291702270508
1WQ5,-0.948,23.31640625,55.33124542236328,50.449424743652344
1WQ5,-2.94,22.3359375,28.615720748901367,17.29222869873047
1WQ5,-1.9966666666666668,21.15625,38.25505065917969,36.696475982666016
1WQ5,-0.4449999999999999,-0.9296875,-0.21926498413085938,-3.8154678344726562
1WQ5,-1.04,3.9375,8.097280502319336,6.925142288208008
1WQ5,-0.855,0.4296875,0.9714870452880859,-1.8360824584960938
1WQ5,-1.51,0.109375,2.876943588256836,-5.630319595336914
1WQ5,-1.4266666666666667,10.4609375,48.63833999633789,38.477821350097656
1WQ5,-2.723333333333333,17.8984375,32.51643371582031,17.150379180908203
1WQ5,-0.1,1.4453125,7.998432159423828,12.726327896118164
1WQ5,-1.23,7.0546875,17.21001434326172,-1.005636215209961
1WQ5,-1.735,12.7109375,24.74747085571289,6.250700950622559
1WQ5,-1.27,5.80078125,28.079360961914062,11.117169380187988
1WQ5,-0.86,11.2421875,24.881546020507812,26.99734115600586
1WQ5,-0.6066666666666667,5.7109375,22.811866760253906,23.59854507446289
1WQ5,0.7,11.48046875,28.429609298706055,30.89222526550293
1WQ5,0.155,6.00390625,7.057638645172119,15.434941291809082
1WQ5,-0.765,3.0703125,16.001598358154297,-4.87791633605957
1WQ5,-1.56,10.07421875,19.02994155883789,2.434436798095703
1WQ5,-1.01,1.11328125,-10.242615699768066,-10.235179901123047
1WQ5,-0.3999999999999999,11.453125,17.854150772094727,12.40883731842041
1WQ5,-2.67,17.21875,27.242820739746094,15.711180686950684
1WQ5,1.5,8.73828125,42.893497467041016,14.391874313354492
1WQ5,0.2,13.5546875,16.728130340576172,-4.441683769226074
1WQ5,0.1999999999999999,12.640625,15.009007453918457,-7.7942094802856445
1WQ5,-0.125,11.0234375,10.949284553527832,-0.7219276428222656
1WQ5,-0.375,6.9375,4.227221488952637,-4.401656150817871
1WQ5,0.525,10.671875,4.455828666687012,-9.51488208770752
1WQ5,-1.075,13.11328125,-15.34642505645752,2.930612564086914
1WQ5,2.2666666666666666,12.3671875,22.406816482543945,25.872005462646484
1WQ5,-0.0,10.5234375,31.44986915588379,26.6850643157959
1WQ5,0.2925,5.28125,8.373441696166992,12.865575790405273
1ZG4,-2.2533333333333334,2.78125,6.145057678222656,2.1607913970947266
1ZG4,-0.2,2.71875,7.753911972045898,3.8655872344970703
1ZG4,-0.6,4.5,2.374967575073242,1.1036639213562012
1ZG4,0.6,0.71484375,18.82564926147461,4.165017127990723
1ZG4,-1.2,16.3359375,53.44556427001953,29.61117172241211
2ADA,4.726666666666667,2.3203125,22.605154037475586,-7.983343124389648
2ADA,7.326666666666667,-0.9140625,4.33914852142334,-2.3098716735839844
2ADA,8.64,-1.5859375,3.0673370361328125,2.0164661407470703
2ADA,4.6866666666666665,5.109375,28.70116424560547,10.461133003234863
2AFG,-2.845,1.203125,12.276124954223633,-2.445526123046875
2AFG,-1.0,10.703125,32.338443756103516,7.195511817932129
2AFG,0.96,24.978515625,48.59914779663086,22.727598190307617
2AFG,0.2624999999999999,-2.22265625,-9.798381805419922,-2.692279815673828
2AFG,0.695,16.75390625,19.744586944580078,29.775203704833984
2AFG,0.0466666666666667,-3.912109375,-37.78988265991211,-15.624540328979492
2AFG,-1.465,6.9140625,32.17827606201172,20.394845962524414
2AFG,-0.895,3.53125,15.656145095825195,3.542849540710449
2AFG,-1.48,23.537109375,43.1806640625,9.916457176208496
2AFG,-1.6549999999999998,-1.5625,-0.6674842834472656,1.1404266357421875
2AFG,0.03,-2.4453125,-26.129425048828125,-19.185325622558594
2AFG,-0.4549999999999999,10.05078125,14.6129732131958,6.278649806976318
2AFG,0.29,2.021484375,-2.413259506225586,2.692270278930664
2AFG,0.59,1.591796875,-7.629945755004883,-1.8534966707229614
2AFG,-0.0075,-1.076171875,2.7482547760009766,1.8493824005126953
2AFG,-0.585,-1.701171875,-2.495279312133789,-5.632533073425293
2AFG,0.36,-3.33984375,18.029268264770508,-8.594883918762207
2AFG,-0.6025,1.1328125,6.624622344970703,-10.155933380126953
2AFG,-0.3,-4.28125,12.616025924682617,-9.907703399658203
2AFG,-0.3066666666666666,2.4609375,-12.45174789428711,-0.5930519104003906
2CHF,-4.0,14.248046875,34.097320556640625,20.902742385864258
2CHF,-3.2,15.796875,17.601028442382812,13.551004409790039
2CHF,0.8,0.20703125,0.3962135314941406,-5.205804824829102
2CHF,-0.2,4.193359375,19.569055557250977,0.10398483276367188
2CHF,-0.0,1.162109375,4.2365312576293945,5.867854118347168
2CHF,-1.5,8.150390625,12.925703048706055,16.70380210876465
2CHF,-3.1,16.435546875,30.359514236450195,10.793664932250977
2CHF,-0.8,3.53125,-2.563927412033081,0.8069052696228027
2CHF,-2.3,15.91796875,13.857999801635742,7.297663688659668
2CHF,-1.5,9.8359375,18.28548240661621,5.944803237915039
2CHF,-0.6,7.673828125,26.234973907470703,21.175029754638672
2CHF,-1.5,3.37890625,9.652715682983398,0.8027467727661133
2CHF,-0.3,3.8671875,13.460968971252441,4.722682476043701
2CHF,-3.5,9.1796875,20.8418025970459,15.19660472869873
2CHF,-1.4,8.228515625,20.077810287475586,9.595669746398926
2CHF,-1.3,6.515625,17.74530601501465,4.4991607666015625
2CHF,-0.5,4.47265625,14.010380744934082,8.431193351745605
2CHF,-1.0,8.99609375,13.632048606872559,9.299930572509766
2CHF,-1.7,15.552734375,36.64495086669922,13.55134105682373
2CHF,-1.0,4.08984375,13.07411003112793,8.262117385864258
2CHF,-1.5,7.546875,28.87661361694336,31.4764404296875
2CHF,-1.0,2.576171875,12.679122924804688,17.198585510253906
2CHF,-1.3,7.296875,15.367002487182617,11.868900299072266
2CHF,-0.8,4.09375,6.3598175048828125,5.492347717285156
2CHF,-0.8,4.92578125,1.9346542358398438,7.786304473876953
2DRI,-3.3,17.8828125,52.88939666748047,19.66684341430664
2DRI,-3.5,34.34375,53.07503890991211,37.02471160888672
2HPR,0.72,4.3203125,22.857370376586914,5.194923400878906
2HPR,0.8500000000000001,-3.453125,-14.412705421447754,-8.227130889892578
2HPR,1.2999999999999998,-0.6640625,-2.9274168014526367,-8.287505149841309
2HPR,-0.9,8.796875,14.909821510314941,-1.1355981826782227
2LZM,-0.7,9.5703125,29.456871032714844,17.859777450561523
2LZM,0.1333333333333333,6.2421875,31.532207489013672,28.365337371826172
2LZM,-3.2,17.4453125,35.5082893371582,19.440532684326172
2LZM,-2.0,10.1484375,34.49445343017578,15.998468399047852
2LZM,-1.1,10.1328125,3.3082847595214844,8.056184768676758
2LZM,-2.1,13.7421875,32.68288040161133,21.533893585205078
2LZM,0.4,0.92578125,-10.845233917236328,-1.67413330078125
2LZM,-0.9,6.71875,15.659026145935059,19.242998123168945
2LZM,-2.53,8.74609375,23.055274963378906,18.652517318725586
2LZM,-1.7,9.2109375,30.007827758789062,18.705347061157227
2LZM,-2.3,3.765625,22.811412811279297,18.354724884033203
2LZM,-0.4,0.49609375,11.299954414367676,6.487083911895752
2LZM,-2.8,16.40625,22.192272186279297,27.338150024414062
2LZM,-2.3,10.09765625,10.937996864318848,12.236095428466797
2LZM,-1.4,3.171875,2.911360740661621,2.6613166332244873
2LZM,-4.78,5.984375,-1.4513167142868042,-2.190800666809082
2LZM,-3.9,9.65625,9.056726455688477,0.7048511505126953
2LZM,-3.9,15.2890625,19.42017936706543,16.94654655456543
2LZM,-3.0,6.8125,14.888519287109375,5.409595489501953
2LZM,-0.0,-1.4765625,1.0491809844970703,-2.3610286712646484
2LZM,-0.5,2.3203125,12.324957847595215,1.512465000152588
2LZM,-3.25,20.25,33.72173309326172,11.276572227478027
2LZM,-2.75,9.5,7.012407302856445,14.175813674926758
2LZM,-5.5,5.6953125,15.205693244934082,2.537191390991211
2LZM,-4.55,20.921875,11.308208465576172,1.600006103515625
2LZM,0.6,-0.4609375,-4.427243232727051,3.0409111976623535
2LZM,-3.15,19.95703125,42.94389343261719,17.32125473022461
2LZM,-5.1,14.90625,30.567209243774414,20.233646392822266
2LZM,-2.0,8.01953125,44.38193130493164,32.90484619140625
2LZM,-2.6,13.6796875,26.68459129333496,11.984606742858887
2LZM,0.1,10.59765625,32.79696273803711,27.720367431640625
2LZM,-1.5,18.875,41.483890533447266,34.362335205078125
2LZM,-3.0,13.0078125,42.23908233642578,16.233898162841797
2LZM,-4.05,24.7890625,54.544490814208984,24.264719009399414
2LZM,-2.3,12.59765625,39.290287017822266,27.76031494140625
2LZM,-0.2,18.6328125,54.37385559082031,25.658903121948242
2LZM,-0.0,3.015625,16.557411193847656,12.65807819366455
2LZM,-0.77,10.7421875,47.67654800415039,23.74901008605957
2LZM,-1.2,7.203125,29.764219284057617,10.958098411560059
2LZM,-0.0,7.53125,34.388710021972656,18.342010498046875
2LZM,-0.9,3.671875,8.052103996276855,8.63527774810791
2LZM,-2.8,2.80859375,-1.2203397750854492,8.740128517150879
2LZM,0.06,-1.921875,-5.694272994995117,-0.5432586669921875
2LZM,0.4,0.3125,1.2777533531188965,-5.082482814788818
2LZM,0.3,2.0234375,7.26298713684082,-3.761385917663574
2LZM,-0.7,2.6171875,5.784891128540039,-0.5797023773193359
2LZM,0.25,1.05859375,1.0283222198486328,-0.8725380897521973
2LZM,-5.2,25.70703125,57.92735290527344,33.259857177734375
2LZM,-3.2,15.3828125,33.10997772216797,17.59640884399414
2LZM,-4.4,32.8984375,58.2718391418457,32.22277069091797
2LZM,-3.7,27.73828125,59.354217529296875,27.66519546508789
2LZM,-5.1,28.55078125,55.819183349609375,29.864011764526367
2LZM,-2.45,11.4375,42.99262619018555,15.59814167022705
2LZM,-3.5,25.5390625,57.13959884643555,29.278614044189453
2LZM,-1.6150000000000002,6.140625,-5.0587358474731445,1.6867108345031738
2LZM,-0.03,-2.453125,-6.182051658630371,-0.3304433822631836
2LZM,-0.11,6.4921875,14.341110229492188,16.886211395263672
2LZM,-0.11,3.33984375,7.529796600341797,-0.38350391387939453
2LZM,-0.0,0.38671875,-2.6590328216552734,-5.552064895629883
2LZM,0.06,5.125,11.740093231201172,11.189287185668945
2LZM,-0.53,4.69921875,10.539199829101562,6.474344730377197
2LZM,0.04,4.28515625,11.970111846923828,10.017162322998047
2LZM,0.31,1.75,6.625009536743164,4.005323886871338
2LZM,0.2,-3.4765625,-11.729118347167969,-5.0431108474731445
2LZM,0.39,1.3671875,-2.434528350830078,-1.2164793014526367
2LZM,0.33,2.3046875,6.234689712524414,10.27294921875
2LZM,-0.14,-0.3203125,2.599485397338867,1.4862232208251953
2LZM,-3.03,13.125,23.25208282470703,13.642801284790039
2LZM,0.27,0.5078125,-5.9097185134887695,1.7712717056274414
2LZM,0.24,-0.046875,-9.086162567138672,-0.055034637451171875
2LZM,0.01,-0.0078125,3.7912912368774414,4.017165660858154
2LZM,0.1,1.859375,6.511440277099609,5.084121227264404
2LZM,0.05,10.18359375,16.146575927734375,19.40532684326172
2LZM,0.19,5.328125,10.496360778808594,11.598554611206055
2LZM,-3.03,22.2109375,48.092533111572266,16.76217269897461
2LZM,-1.23,5.5234375,8.479764938354492,7.43268346786499
2LZM,-0.45,1.7109375,10.207338333129883,4.1812310218811035
2LZM,-2.9,11.921875,25.910306930541992,10.691255569458008
2LZM,-0.8,6.0390625,6.092782974243164,13.296989440917969
2LZM,-2.63,12.9375,54.63948059082031,26.313993453979492
2LZM,-0.8,2.8359375,9.164260864257812,4.722975730895996
2LZM,0.3,-1.9296875,-20.65146255493164,-7.475662708282471
2LZM,-0.7,5.3515625,17.813968658447266,7.938195705413818
2LZM,-5.02,7.26953125,11.854896545410156,13.044933319091797
2LZM,-0.6,0.2109375,-6.405866622924805,5.930100440979004
2LZM,-3.2,28.87890625,37.70632553100586,18.8795166015625
2LZM,-3.4,19.5625,26.88272476196289,21.04078483581543
2LZM,-3.11,26.48828125,46.227210998535156,29.2961483001709
2LZM,-1.5,11.703125,46.198970794677734,24.54072380065918
2LZM,-1.2,7.46875,31.53306007385254,12.053712844848633
2LZM,-1.6,8.2734375,41.09539031982422,21.208641052246094
2LZM,-1.1,4.9609375,28.202789306640625,15.780073165893555
2LZM,-0.2,1.98828125,9.902070999145508,3.2609357833862305
2LZM,-1.5,14.70703125,49.479698181152344,24.007389068603516
2LZM,-0.1,5.93359375,12.760950088500977,13.803037643432617
2LZM,-0.0,4.1953125,-9.115949630737305,6.482500076293945
2LZM,-4.199999999999999,14.80078125,15.286033630371094,8.368021011352539
2LZM,-1.0,7.515625,12.120162963867188,10.914342880249023
2LZM,-9.665,31.546875,48.275150299072266,22.659257888793945
2LZM,-1.9,7.57421875,19.36663055419922,2.2401742935180664
2LZM,-0.05,-1.671875,-2.978938102722168,-1.6550397872924805
2LZM,-2.9,15.546875,25.885826110839844,17.1623477935791
2LZM,-1.5,13.625,24.661497116088867,12.739263534545898
2LZM,-0.35,2.02734375,2.7083139419555664,-0.6883611679077148
2LZM,-4.6,16.7421875,43.29423904418945,41.87353515625
2LZM,-0.9,4.546875,10.080336570739746,13.88532543182373
2LZM,-1.2,-1.1328125,-4.303089141845703,-5.693300247192383
2LZM,-0.8999999999999999,17.9140625,38.855674743652344,40.92412567138672
2LZM,-1.5,10.796875,31.117874145507812,34.032283782958984
2LZM,-0.7,5.3515625,26.02365493774414,26.823585510253906
2LZM,-0.2,0.734375,-2.431706428527832,-1.9646339416503906
2LZM,-0.72,-2.7578125,-17.96540069580078,-11.50248908996582
2LZM,-0.25,0.1328125,-7.309807777404785,-9.850536346435547
2LZM,-0.4,7.76171875,21.551137924194336,27.457061767578125
2LZM,-3.6,29.7734375,48.71857452392578,41.9154167175293
2LZM,-1.9,14.66015625,37.666046142578125,36.001861572265625
2LZM,-0.6,1.4140625,8.166050910949707,5.150384902954102
2LZM,-0.4,12.84765625,49.06831741333008,51.74652862548828
2LZM,-1.91,12.2734375,43.85167694091797,48.49471664428711
2LZM,-2.8,12.59375,46.457923889160156,40.66044616699219
2LZM,-0.6,7.69140625,18.836326599121094,20.34231948852539
2LZM,-2.25,14.234375,37.89693832397461,43.09660720825195
2LZM,-1.4,5.8828125,29.42287826538086,26.130008697509766
2LZM,-1.1,11.16015625,36.13825607299805,30.159570693969727
2LZM,-2.4000000000000004,10.69140625,36.43872833251953,31.507919311523438
2LZM,-0.8,4.62109375,11.54696273803711,14.180497169494629
2LZM,-9.603333333333332,25.18359375,50.05449676513672,48.41429901123047
2LZM,0.1,-0.390625,-14.244623184204102,-9.138639450073242
2LZM,-0.15,0.359375,-3.2505664825439453,-4.621995449066162
2LZM,0.1,1.578125,4.397950172424316,2.517345428466797
2LZM,-1.8,10.71875,35.433258056640625,35.423805236816406
2LZM,-2.0,12.66796875,35.745765686035156,28.724254608154297
2LZM,-2.9,12.16796875,35.63505172729492,32.6900634765625
2LZM,-3.5,23.6171875,46.14647674560547,41.192039489746094
2LZM,-2.5,16.8046875,40.551326751708984,32.05942916870117
2LZM,-4.2,20.38671875,46.16818618774414,42.072479248046875
2LZM,-2.6,14.109375,35.14101028442383,33.7578010559082
2LZM,-2.8,16.671875,42.08969497680664,37.37124252319336
2LZM,-2.9,18.05859375,47.033912658691406,42.378875732421875
2LZM,-0.0,-0.0703125,4.345729827880859,0.4037456512451172
2LZM,-3.2,17.82421875,46.61235046386719,38.34668731689453
2LZM,-2.7,13.609375,40.65470886230469,37.36563491821289
2LZM,-3.0,14.21875,37.36539840698242,35.714080810546875
2LZM,-5.5,24.328125,48.015220642089844,45.08952331542969
2LZM,-0.3,1.81640625,7.117282867431641,-1.2327499389648438
2LZM,-2.6,11.109375,33.546653747558594,28.40194320678711
2LZM,-2.8,12.90625,41.829715728759766,37.27718734741211
2LZM,-2.4,16.4375,44.395381927490234,41.56482696533203
2LZM,-4.5,23.2421875,42.63905334472656,43.28703308105469
2LZM,-4.7,20.0390625,43.37541580200195,43.48921585083008
2LZM,-1.1,16.58203125,35.850399017333984,41.925811767578125
2LZM,-4.0,17.5859375,38.1068229675293,43.45887756347656
2LZM,-2.3,7.765625,27.835342407226562,21.76366424560547
2LZM,-3.83,18.546875,43.40924072265625,43.90400314331055
2LZM,-5.02,24.53515625,46.817474365234375,44.267799377441406
2LZM,-3.9,15.0,43.27586364746094,41.67729187011719
2LZM,-0.3,13.953125,33.039222717285156,29.102985382080078
2LZM,-6.3,18.6875,46.00149917602539,45.218963623046875
2LZM,-1.5,5.8515625,15.022031784057617,16.41352653503418
2LZM,-0.0999999999999999,5.875,26.692367553710938,27.761459350585938
2LZM,-2.0,4.64453125,20.763050079345703,22.398862838745117
2LZM,-2.1,12.53125,10.68575668334961,28.260854721069336
2LZM,-1.6,9.7109375,3.317483901977539,20.850793838500977
2LZM,-0.4,1.2890625,7.029521942138672,12.75697135925293
2LZM,-1.5,-8.0234375,-21.56007957458496,-14.160627365112305
2LZM,-2.85,10.8359375,13.32136344909668,8.847052574157715
2LZM,-6.0,13.4921875,14.040349960327148,15.235093116760254
2LZM,-0.82,-3.796875,-19.964889526367188,-12.999083518981934
2LZM,-3.3000000000000003,8.0078125,3.4984474182128906,0.8398237228393555
2LZM,-1.91,16.015625,40.61973190307617,41.11708068847656
2LZM,-0.3,10.08984375,24.572969436645508,26.44926643371582
2LZM,-1.2,16.54296875,43.71821975708008,45.77729034423828
2LZM,-2.6500000000000004,10.171875,20.433319091796875,17.248958587646484
2LZM,-0.75,4.09375,12.586402893066406,12.814542770385742
2LZM,-0.6,-1.3046875,-12.768207550048828,-3.551115036010742
2LZM,-1.1,3.78125,9.477743148803711,-4.713108062744141
2LZM,-3.11,6.10546875,5.243600845336914,3.8819217681884766
2LZM,-1.2,-0.2265625,-17.01934242248535,-0.9482955932617188
2LZM,-1.95,3.3828125,4.389582633972168,8.571626663208008
2LZM,-0.0,1.9921875,-3.720184326171875,0.24200820922851562
2LZM,-3.45,-0.7578125,8.272921562194824,15.449089050292969
2LZM,0.25,-4.546875,-12.962974548339844,-6.449275016784668
2LZM,-0.0,-0.3515625,-0.23730182647705078,9.230338096618652
2LZM,0.1,1.0234375,2.764174461364746,5.346864700317383
2LZM,-0.95,17.375,40.99405288696289,35.260589599609375
2LZM,-1.6949999999999998,14.796875,17.928300857543945,27.465818405151367
2LZM,-0.825,7.88671875,31.816818237304688,22.836421966552734
2LZM,-0.55,13.34375,30.288349151611328,33.85945129394531
2LZM,0.3,2.125,8.267271041870117,15.487275123596191
2LZM,0.3,6.109375,15.5934476852417,11.363253593444824
2LZM,-0.14,3.4921875,17.750600814819336,24.585342407226562
2LZM,0.3,1.80078125,22.222713470458984,13.772656440734863
2LZM,0.17,-0.0234375,-0.45015668869018555,9.254308700561523
2LZM,0.6,-0.58984375,-0.25975894927978516,-0.9196529388427734
2LZM,1.27,0.44921875,-9.00666618347168,-1.5004825592041016
2LZM,1.1,-1.8671875,-5.486225128173828,16.0412540435791
2LZM,1.7,5.5,4.175029754638672,30.428171157836914
2LZM,2.0,-4.2734375,-29.183170318603516,16.236614227294922
2LZM,-2.95,20.734375,54.91545104980469,50.086788177490234
2LZM,-1.2,14.12109375,35.241790771484375,27.970863342285156
2LZM,-0.7,11.99609375,40.701839447021484,36.936927795410156
2LZM,-0.18,-2.35546875,1.927390217781067,5.684530735015869
2LZM,-0.04,0.3828125,9.561687469482422,-3.168210029602051
2LZM,-0.3,3.375,17.626659393310547,11.656145095825195
2LZM,0.1,3.484375,18.59549903869629,18.667055130004883
2LZM,-0.2,3.71875,4.861854553222656,8.819011688232422
2LZM,-1.8,7.1484375,1.8143539428710938,2.86248779296875
2LZM,0.45,-8.1953125,-35.05158996582031,-29.39926528930664
2LZM,-0.7,4.98828125,8.54891586303711,5.507865905761719
2LZM,-4.2,16.1640625,39.42306137084961,26.34987449645996
2LZM,-1.3,6.0625,21.444034576416016,17.124469757080078
2LZM,-0.8,5.0234375,16.42308235168457,15.516424179077148
2LZM,-0.24,2.00390625,3.1218299865722656,4.454676628112793
2LZM,-0.22,-2.71484375,-7.279824256896973,2.7334885597229004
2LZM,0.4,-1.703125,6.16073751449585,-5.119582176208496
2LZM,-0.1,-2.76171875,-11.912858963012695,-2.1058197021484375
2LZM,-5.74,5.0234375,-14.998981475830078,10.992307662963867
2LZM,-1.9,6.76171875,25.617206573486328,33.39591979980469
2LZM,-1.3,11.65625,41.55258560180664,40.4378662109375
2LZM,-2.2,7.3046875,31.13820457458496,35.68527603149414
2LZM,-0.7,11.2734375,49.32743453979492,45.11445999145508
2LZM,-3.2,14.37109375,28.55765151977539,37.89092254638672
2LZM,-2.1,8.78125,20.250385284423828,11.990918159484863
2LZM,-0.9,3.8828125,15.433160781860352,4.085844039916992
2LZM,0.39,0.37109375,4.079593181610107,3.9798145294189453
2LZM,0.08,3.64453125,13.046798706054688,0.12564659118652344
2LZM,0.2,0.44140625,4.425891399383545,-13.926189422607422
2LZM,-0.68,4.01953125,12.812963485717773,10.859094619750977
2LZM,0.16,1.3671875,2.94826078414917,-0.6568698883056641
2LZM,0.09,2.30859375,4.1737189292907715,1.3260993957519531
2LZM,0.12,5.0078125,14.096010208129883,13.401815414428711
2LZM,-0.05,2.296875,6.048829555511475,-0.5582656860351562
2LZM,-0.12,0.71484375,4.307277202606201,-0.8440742492675781
2LZM,1.3,5.046875,8.617399215698242,22.015907287597656
2LZM,1.2,6.9375,-3.3932418823242188,-1.3195505142211914
2LZM,1.5,3.140625,-2.230131149291992,5.343374252319336
2LZM,-4.3,10.7421875,10.707059860229492,15.675088882446289
2LZM,-6.6,24.28125,35.420772552490234,32.97829818725586
2LZM,-0.3,4.6640625,0.6485500335693359,4.6771697998046875
2LZM,-0.4,3.9765625,15.537202835083008,12.235893249511719
2LZM,-0.15,-0.984375,-0.7642135620117188,-4.060001850128174
2LZM,-1.0,5.20703125,17.197904586791992,8.69007396697998
2LZM,-2.29,6.53515625,10.733314514160156,11.111090660095215
2LZM,-1.0,9.046875,46.80128479003906,41.13611602783203
2LZM,0.5,-1.35546875,-2.4464478492736816,-6.050012111663818
2LZM,0.5,-3.58984375,-3.0940351486206055,-10.695918083190918
2LZM,-0.0,3.4140625,7.901178359985352,6.527994155883789
2LZM,-4.31,25.65234375,48.11908721923828,37.60991668701172
2LZM,-2.87,12.7265625,31.76985740661621,18.04291343688965
2LZM,-4.31,20.484375,46.2904052734375,31.086240768432617
2LZM,-0.7,0.1796875,10.838769912719727,0.8199148178100586
2LZM,-2.87,12.828125,34.829994201660156,24.014484405517578
2LZM,-2.0,14.12890625,27.636686325073242,23.93154525756836
2LZM,-4.9,20.6953125,37.62294006347656,28.542240142822266
2LZM,-0.3,-0.40625,-14.581083297729492,-14.094308853149414
2LZM,-2.6,9.7890625,28.474287033081055,13.702534675598145
2LZM,-4.4,12.90625,36.92207336425781,25.789100646972656
2LZM,-3.0,7.578125,27.994028091430664,22.434814453125
2LZM,-2.1,10.28125,12.769510269165039,14.178016662597656
2LZM,0.4,0.453125,-4.942694187164307,5.678596019744873
2LZM,-1.5,10.19140625,17.41140365600586,3.7992753982543945
2LZM,-0.5,7.12890625,8.537508010864258,8.984600067138672
2LZM,-0.4,4.1484375,-3.862403392791748,8.882587432861328
2LZM,-2.0,10.6875,16.236230850219727,10.874984741210938
2LZM,0.2,1.5,-1.5525484085083008,2.1075000762939453
2LZM,-3.8,11.1015625,29.1893310546875,30.877885818481445
2LZM,-3.11,9.89453125,25.48947525024414,35.222740173339844
2LZM,-0.2,-4.375,15.054709434509277,14.437230110168457
2LZM,0.3,-4.171875,-7.80609130859375,8.257627487182617
2LZM,-0.6,1.4765625,11.28127384185791,22.58831787109375
2LZM,-1.8,0.37890625,24.872478485107422,25.557693481445312
2LZM,-1.1,7.5625,11.630502700805664,-3.352348566055298
2LZM,-4.07,12.265625,49.75745391845703,22.322011947631836
2LZM,-0.5,6.03515625,38.725276947021484,41.889896392822266
2LZM,-1.3,8.26953125,34.417144775390625,38.00026321411133
2LZM,-2.39,5.3125,8.25178337097168,15.417341232299805
2LZM,-0.8,6.875,39.325927734375,32.39829635620117
2LZM,-4.07,12.46875,42.52972412109375,45.43690490722656
2LZM,-1.1,6.546875,28.304412841796875,36.46000289916992
2LZM,-2.1,10.25390625,39.17997360229492,39.856163024902344
2LZM,-1.2,9.9140625,42.77074432373047,44.92277145385742
2LZM,-1.7,7.859375,38.165679931640625,40.10219955444336
2LZM,-1.2,1.58203125,9.994892120361328,16.00002670288086
2LZM,0.3,5.01171875,34.63856887817383,37.16747283935547
2LZM,-0.66,2.265625,10.68891716003418,13.057809829711914
2LZM,-1.2,8.02734375,40.00749206542969,42.40022659301758
2LZM,-4.55,13.5078125,44.43846893310547,38.3554801940918
2LZM,-0.21,-1.86328125,-0.07668399810791016,-3.0008654594421387
2NVH,-0.4,2.7421875,-3.74456524848938,4.503803253173828
2NVH,-0.8,-1.3515625,-0.008231163024902344,-1.6277542114257812
2NVH,-2.6,5.640625,-1.3660221099853516,4.835341453552246
2NVH,0.265,0.765625,11.64330005645752,6.546977996826172
2NVH,-2.25,5.1484375,24.916996002197266,18.077505111694336
2NVH,-2.26,2.8046875,15.968475341796875,12.6524658203125
2NVH,-4.25,5.46875,17.218021392822266,16.524580001831055
2NVH,-1.4333333333333336,13.7421875,36.37647247314453,30.554466247558594
2NVH,-3.1500000000000004,17.23828125,33.2154426574707,37.99647903442383
2NVH,-1.9,4.42578125,25.480548858642578,32.02932357788086
2NVH,-2.65,7.59375,22.55276870727539,19.46108627319336
2NVH,-4.5,10.390625,20.19829750061035,24.548770904541016
2NVH,-1.6333333333333335,7.1796875,5.571832656860352,15.976439476013184
2NVH,-1.8,2.8828125,2.7409439086914062,4.688494682312012
2NVH,1.1333333333333333,4.59375,3.510016441345215,5.5778703689575195
2OCJ,0.24,3.38671875,10.797159194946289,4.605100631713867
2OCJ,0.11,-3.02734375,-20.550479888916016,-19.91963005065918
2OCJ,-0.13,2.70703125,20.93584442138672,12.3441162109375
2OCJ,-0.7,6.71875,7.59414005279541,1.649271011352539
2OCJ,-0.38,4.08203125,4.849661350250244,-4.52539587020874
2OCJ,-0.19,-0.49609375,-1.6431493759155273,0.06847143173217773
2OCJ,0.3,-3.80859375,-8.684318542480469,-9.603524208068848
2OCJ,-4.78,14.76953125,41.658042907714844,33.52107238769531
2OCJ,-3.5,17.73046875,40.250732421875,38.89744186401367
2OCJ,-2.98,18.84765625,27.065433502197266,24.93618392944336
2OCJ,-0.08,4.23046875,-1.4008073806762695,-3.40419602394104
2OCJ,-4.49,24.58203125,56.28441619873047,20.301002502441406
2OCJ,-3.88,15.35546875,30.07552719116211,19.423721313476562
2OCJ,-1.27,5.7421875,0.44439125061035156,-10.13304615020752
2OCJ,-0.43,-2.04296875,-4.94963264465332,-10.082053184509277
2OCJ,-0.22,4.5234375,7.343080520629883,-0.32509803771972656
2OCJ,-0.73,18.35546875,51.172943115234375,38.95824432373047
2OCJ,-3.3433333333333333,22.74609375,54.46444320678711,45.48317337036133
2OCJ,0.16,-5.30859375,-19.787883758544922,-18.78925895690918
2OCJ,-4.12,14.5703125,26.227218627929688,26.804744720458984
2OCJ,0.35,-6.390625,-32.316993713378906,-18.410818099975586
2OCJ,0.49,1.859375,11.419713020324707,1.074721336364746
2OCJ,-0.1,2.3984375,3.3483986854553223,-4.1956682205200195
2OCJ,-3.98,19.09375,35.4300651550293,29.087060928344727
2OCJ,-3.19,13.7734375,8.531173706054688,18.192508697509766
2OCJ,0.27,-5.08984375,-3.7787208557128906,-5.058385848999023
2OCJ,-3.18,8.92578125,16.347339630126953,12.621467590332031
2OCJ,1.49,-1.84765625,-11.248773574829102,-5.7860918045043945
2OCJ,-3.103333333333333,7.5859375,12.75484848022461,11.83956527709961
2OCJ,-1.21,12.56640625,58.60649108886719,44.707359313964844
2OCJ,-1.9366666666666668,-0.8515625,5.79034423828125,7.802927017211914
2OCJ,-1.89,3.04296875,7.082699775695801,1.099867343902588
2OCJ,-3.29,8.48046875,9.441096305847168,14.969894409179688
2OCJ,-0.32,2.19921875,3.347823143005371,2.722991943359375
2OCJ,0.92,3.15625,12.754724502563477,-0.3004770278930664
2OCJ,-4.54,19.69921875,39.885318756103516,22.76856231689453
2OCJ,-4.1,13.515625,31.740861892700195,20.261234283447266
2OCJ,0.4,3.40625,10.827048301696777,16.184505462646484
2OCJ,-0.3,2.45703125,4.795083045959473,7.635777950286865
2OCJ,-2.3,-3.0703125,-4.973361968994141,-2.7218642234802246
2OCJ,-2.35,0.67578125,9.426459312438965,-1.2461814880371094
2RN2,0.75,19.5390625,58.184906005859375,14.786483764648438
2RN2,0.88,14.5546875,36.98566436767578,9.280625343322754
2RN2,-2.2,10.9609375,14.252588272094727,3.4476332664489746
2RN2,-0.7,4.765625,12.454148292541504,8.168030738830566
2RN2,0.44,3.3203125,12.58183479309082,8.748636245727539
2RN2,0.8,2.8203125,7.5973968505859375,12.786947250366211
2RN2,-1.9,10.34375,16.283050537109375,7.589458465576172
2RN2,-1.5,8.62109375,11.839397430419922,4.21232795715332
2RN2,0.5,8.0625,-5.612569808959961,10.815498352050781
2RN2,-2.7,4.90625,9.936683654785156,3.6005630493164062
2RN2,-3.6,12.44140625,9.958126068115234,14.298812866210938
2RN2,1.9,-0.49609375,-11.57125473022461,-1.8048315048217773
2RN2,-5.9,13.9609375,9.780670166015625,8.923833847045898
2RN2,1.3,-0.28515625,-20.52967071533203,-5.472785949707031
2RN2,0.5,0.27734375,-3.3755340576171875,6.817615509033203
2RN2,-1.8,9.015625,11.030147552490234,10.690046310424805
2RN2,-1.6,6.984375,16.397476196289062,13.349723815917969
2RN2,-1.2,5.8515625,6.039812088012695,7.018268585205078
2RN2,-1.8,2.609375,9.217164993286133,4.941867828369141
2RN2,-0.8,0.49609375,4.822168350219727,5.995418548583984
2RN2,1.7,-1.8359375,-11.553498268127441,-2.7692551612854004
2RN2,-2.3,12.9296875,-3.888498306274414,14.011985778808594
2RN2,-2.1,14.078125,52.66958999633789,11.654206275939941
2RN2,-3.1,17.4765625,55.28284454345703,12.791352272033691
2RN2,-3.9,12.421875,49.93376541137695,16.985092163085938
2RN2,-1.4,8.31640625,41.21108627319336,6.2675700187683105
2RN2,-0.2,5.0703125,30.961647033691406,7.094596862792969
2RN2,0.19,3.359375,5.388700485229492,1.5308668613433838
2RN2,-2.2,10.6796875,23.871461868286133,6.7563300132751465
2RN2,-1.0,12.796875,29.154680252075195,5.087905406951904
2RN2,0.1,2.1640625,6.532513618469238,0.00863790512084961
2RN2,1.29,6.9921875,14.616838455200195,0.7773270606994629
2RN2,-3.4,7.046875,34.51136779785156,12.546426773071289
2RN2,0.6,0.82421875,16.241308212280273,-0.36403846740722656
2RN2,0.9,-7.37109375,6.888519287109375,-1.9048137664794922
2RN2,0.24,2.453125,0.16277122497558594,-3.6776909828186035
2RN2,-0.9,-5.19921875,-4.790367126464844,-5.799560546875
2RN2,0.3,4.19921875,6.487225532531738,5.952001571655273
2RN2,-0.0,2.26953125,5.420326232910156,10.360330581665039
2RN2,0.1,0.83984375,14.103771209716797,16.943544387817383
2RN2,1.6,-5.46875,-23.883872985839844,-17.090721130371094
2RN2,0.89,-3.4140625,-0.8989524841308594,-9.406515121459961
2RN2,-2.2,14.77734375,27.51080322265625,22.644149780273438
2RN2,-0.6,15.1015625,26.366994857788086,30.833433151245117
2RN2,0.03,-0.17578125,1.3887453079223633,0.5282011032104492
2RN2,-0.0,5.921875,23.492982864379883,12.171470642089844
2SIL,0.8366666666666666,16.5546875,32.516536712646484,21.954984664916992
2SIL,0.5733333333333334,8.65625,33.31964874267578,17.54928207397461
2TRX,4.166666666666667,24.271484375,49.30926513671875,30.684879302978516
3PGK,-2.0716666666666668,2.6640625,14.996437072753906,15.304141998291016
3PGK,-2.47,1.5625,7.096644401550293,6.171953201293945
3PGK,-0.4399999999999999,4.21875,9.197158813476562,9.658321380615234
3PGK,-3.28,-3.2578125,-9.64902114868164,-7.411657333374023
3PGK,-1.3075,-2.328125,-2.318086624145508,-7.953607559204102
3PGK,-0.9675,-0.390625,0.12225055694580078,0.7811813354492188
3PGK,-1.3066666666666664,2.921875,5.480403900146484,4.229474067687988
3PGK,-3.6475,3.21875,12.511262893676758,18.33036231994629
4BLM,-0.125,-0.328125,5.484102249145508,10.163435935974121
4BLM,-1.625,12.9375,37.4971809387207,17.719005584716797
4LYZ,-0.45,-0.736328125,-14.521650314331055,1.8136491775512695
4LYZ,0.28,-0.818359375,10.609817504882812,4.763457298278809
4LYZ,-0.385,-8.109375,-18.794092178344727,-14.799152374267578
4LYZ,-7.345000000000001,11.248046875,23.22222900390625,6.261539459228516
4LYZ,-1.06,3.916015625,18.53744888305664,4.504425525665283
4LYZ,-0.15,-2.056640625,-2.4817581176757812,-1.026137351989746
4LYZ,1.4,7.015625,21.468948364257812,4.391908168792725
4LYZ,1.8,-2.34375,-10.332761764526367,-7.8364410400390625
4LYZ,1.2,6.9921875,23.294475555419922,6.377501964569092
4LYZ,0.19,-1.595703125,-4.893916130065918,-0.2740182876586914
4LYZ,-2.2,15.591796875,51.244049072265625,13.920356750488281
4LYZ,-0.27,1.595703125,1.7861137390136719,-2.2773666381835938
4LYZ,-0.84,7.779296875,5.285820007324219,-3.741880416870117
4LYZ,1.92,5.642578125,47.2115364074707,31.561635971069336
4LYZ,-1.48,5.490234375,43.078163146972656,24.959064483642578
4LYZ,-4.4,9.427734375,25.502567291259766,12.822608947753906
4LYZ,-2.46,11.89453125,33.47256088256836,20.668428421020508
4LYZ,-0.45,-0.052734375,-3.9508705139160156,-2.384331703186035
4LYZ,-2.27,10.740234375,23.859966278076172,15.064943313598633
4LYZ,-4.96,10.365234375,28.783212661743164,18.878610610961914
4LYZ,-0.91,2.529296875,3.116910696029663,7.128475666046143
4LYZ,-1.18,9.392578125,21.40937042236328,14.420914649963379
4LYZ,1.27,8.146484375,41.188777923583984,15.544746398925781
4LYZ,-0.04,-0.416015625,0.3071460723876953,-3.027747631072998
4LYZ,-2.583333333333333,7.953125,40.84440994262695,28.222822189331055
4LYZ,-1.24,-1.287109375,2.4666531085968018,5.7450056076049805
4LYZ,0.23,-1.0078125,-4.7714643478393555,-5.700483322143555
4LYZ,-0.38,6.560546875,15.617465019226074,14.117327690124512
4LYZ,-0.9,6.009765625,20.724023818969727,13.291393280029297
4LYZ,-0.15,-1.173828125,-5.746131896972656,-0.36049461364746094
4LYZ,-2.31,9.716796875,30.125648498535156,2.914595127105713
4LYZ,0.99,6.01171875,5.5588178634643555,6.370739459991455
4LYZ,-0.08,13.7890625,31.26522445678711,7.263002395629883
4LYZ,-3.07,15.833984375,34.67601776123047,18.673791885375977
4LYZ,-5.390000000000001,13.474609375,22.332090377807617,-6.999453544616699
4LYZ,-0.9,9.361328125,11.976190567016602,10.746822357177734
4LYZ,0.61,9.826171875,51.924713134765625,35.53057861328125
4LYZ,-0.1,13.333984375,55.21142578125,42.57161331176758
4LYZ,0.38,8.619140625,52.95199203491211,38.552459716796875
4LYZ,-0.04,12.80078125,56.259281158447266,41.28617477416992
4LYZ,0.62,0.353515625,2.483367919921875,-1.212444543838501
4LYZ,-0.62,6.62890625,11.737751960754395,6.946128845214844
4LYZ,-3.44,14.5,41.87711715698242,-3.030991554260254
4LYZ,-1.31,9.4375,19.63402557373047,-10.641607284545898
4LYZ,0.68,-0.892578125,-0.38651180267333984,0.5647883415222168
4LYZ,-1.13,14.646484375,55.50295639038086,35.679420471191406
4LYZ,-2.0,15.984375,44.026153564453125,16.466503143310547
4LYZ,-0.45,4.189453125,10.529813766479492,5.564375877380371
5DFR,-0.6,5.515625,15.483022689819336,1.8219928741455078
5DFR,0.55,7.0390625,40.03811264038086,41.84762954711914
5DFR,-0.1,1.41796875,5.19663667678833,-3.4193291664123535
5DFR,0.2,15.6328125,0.8611621856689453,0.1973724365234375
5DFR,-1.6,10.6484375,29.803186416625977,33.44367218017578
5DFR,1.15,0.296875,6.279445648193359,-2.361660957336426
5DFR,-2.165,6.23046875,17.303665161132812,3.1428394317626953
5DFR,-2.645,2.7109375,27.484413146972656,-4.950884819030762
5DFR,-2.59,2.109375,19.901443481445312,-1.0470523834228516
5DFR,-1.965,7.015625,20.840946197509766,3.6157302856445312
5DFR,-2.31,4.359375,25.85814666748047,3.9024410247802734
5DFR,-2.295,4.6015625,15.51391315460205,-3.547323226928711
5DFR,-2.52,7.2734375,25.261613845825195,7.4912872314453125
5DFR,-1.98,-0.5,-0.6444301605224609,-6.819754600524902
5DFR,-1.7999999999999998,8.6875,19.700820922851562,19.03832244873047
5DFR,-1.5,7.2734375,14.650379180908203,13.98172378540039
5DFR,-1.1,10.9140625,31.08698272705078,29.369579315185547
5DFR,-1.3325,8.4453125,34.11646270751953,26.340843200683594
5DFR,-2.075,9.75,41.34953308105469,34.49091339111328
5DFR,-3.035,16.50390625,42.37236404418945,36.18818283081055
5DFR,-0.675,4.2265625,8.890119552612305,4.143659591674805
5DFR,-1.0750000000000002,5.609375,16.01117706298828,14.803534507751465
5DFR,-1.65,9.5546875,31.76169776916504,26.398622512817383
5DFR,-1.985,11.86328125,31.988325119018555,29.407960891723633
5DFR,-1.56,14.7578125,30.23523712158203,17.991989135742188
5DFR,-2.26,12.2421875,40.304832458496094,26.197065353393555
5DFR,-0.45,9.91015625,53.59121322631836,44.95751953125
5DFR,-1.15,1.1328125,9.398548126220703,4.287652015686035
5DFR,1.2333333333333334,3.640625,24.42790985107422,2.623340129852295
5DFR,0.35,7.421875,5.6974711418151855,5.304445266723633
5DFR,-0.11,10.7421875,43.0757942199707,27.17296600341797
5DFR,-1.745,18.8984375,43.49199295043945,27.949142456054688
5DFR,-2.46,16.82421875,44.010372161865234,29.048870086669922
5DFR,-1.275,17.53515625,47.765777587890625,39.609676361083984
5DFR,-0.105,14.1328125,36.92060089111328,19.96737289428711
5DFR,-1.91,23.76171875,52.18121337890625,32.65702819824219
5DFR,-0.015,11.0390625,33.613460540771484,19.925514221191406
5DFR,-0.185,11.28515625,26.375240325927734,22.935129165649414
5DFR,-1.34,20.6171875,51.537269592285156,32.211875915527344
5DFR,-0.61,14.40625,41.748985290527344,34.97092819213867
5DFR,-1.59,9.25390625,28.93586540222168,23.193641662597656
5DFR,-0.21,5.734375,11.232982635498047,10.7742338180542
5DFR,0.31,11.890625,31.201417922973633,11.320127487182617
5DFR,-1.2000000000000002,17.53125,34.34939193725586,37.50505828857422
5DFR,-0.4,9.51171875,23.586408615112305,13.70656967163086
5DFR,0.46,-2.2890625,-21.00542640686035,-16.81378173828125
5DFR,1.3,3.234375,21.900318145751953,18.793106079101562
5DFR,0.31,7.33203125,41.701812744140625,22.058303833007812
5DFR,-0.43,16.0,51.824363708496094,31.746551513671875
5DFR,-0.37,14.953125,52.52248764038086,24.273691177368164
5DFR,-0.47,13.875,53.27983474731445,24.071409225463867
5DFR,0.185,5.16015625,24.987119674682617,10.088306427001953
5DFR,-0.4049999999999999,12.5,43.186744689941406,20.65241241455078
5DFR,-0.82,20.578125,56.10790252685547,30.839111328125
5DFR,-1.2,3.9375,27.10478401184082,12.448783874511719
5DFR,-0.15,10.2890625,32.95705795288086,13.55705738067627
5DFR,-0.15,5.8125,17.78029441833496,14.462149620056152
5DFR,-1.96,22.73828125,52.80796813964844,35.666099548339844
5DFR,-1.5266666666666668,12.75,50.2087516784668,25.426925659179688
5DFR,-2.0,14.8828125,47.49140548706055,30.484683990478516
5DFR,-1.0,12.51171875,38.76689529418945,19.305770874023438
5DFR,-1.7999999999999998,25.73046875,53.96074676513672,35.365753173828125
5DFR,-1.0,2.33984375,-1.3637275695800781,-6.81214714050293
5DFR,0.3,14.8515625,41.71003341674805,26.80495834350586
5DFR,-0.595,3.734375,20.22962188720703,21.956762313842773
5DFR,-1.605,7.703125,29.168060302734375,15.245767593383789
5DFR,-1.28,3.83203125,4.9857177734375,6.038295745849609
5DFR,-0.6,5.2578125,6.047126770019531,6.676008224487305
5DFR,-0.7,1.40625,-2.738949775695801,5.5570878982543945
5DFR,1.1,15.80859375,57.248104095458984,48.89174270629883
5DFR,-0.2,2.8046875,4.515191078186035,1.2898731231689453
5DFR,-1.5499999999999998,6.85546875,8.138233184814453,5.816147804260254
5DFR,-1.05,0.328125,-5.514537811279297,-11.993115425109863
5DFR,-1.0,9.51953125,22.860628128051758,19.078079223632812
5DFR,1.6,-1.671875,-1.2263851165771484,-5.507486343383789
5DFR,0.25,-1.5546875,0.7322024703025818,7.621755599975586
5DFR,0.145,2.609375,14.822609901428223,19.424942016601562
5DFR,0.245,4.9453125,23.942853927612305,20.894306182861328
5DFR,-0.355,6.21875,30.29848861694336,27.242359161376953
5DFR,-0.5275,-0.5859375,0.5813407301902771,12.40620231628418
5DFR,0.055,3.265625,6.815827369689941,9.802757263183594
5DFR,-1.0775,3.0625,8.696638107299805,13.809439659118652
5DFR,-0.35,3.55078125,27.07128143310547,24.917430877685547
5DFR,-1.3,-1.5,-1.580902099609375,6.865683078765869
5DFR,-0.0,11.09375,40.245018005371094,37.83820343017578
5DFR,-2.87,21.01171875,50.683990478515625,51.4753303527832
5DFR,-0.27,3.78515625,10.212970733642578,7.840105056762695
5DFR,-0.435,7.5625,36.280670166015625,31.958173751831055
5DFR,-0.56,8.046875,39.24378204345703,35.456932067871094
5DFR,-0.33,11.890625,33.906131744384766,32.77545928955078
5DFR,-0.895,3.55859375,3.555173873901367,-6.644479274749756
5DFR,-0.26,7.40234375,25.269832611083984,26.9202938079834
5DFR,-0.725,11.171875,35.83448028564453,33.951454162597656
5DFR,-0.455,0.46484375,7.6633453369140625,13.545621871948242
5DFR,-0.315,10.265625,43.480262756347656,32.27812194824219
5DFR,-1.0,4.8984375,3.3846511840820312,-20.741674423217773
5DFR,-2.83,6.9140625,19.206296920776367,24.93035888671875
5DFR,-3.65,14.8125,29.854644775390625,28.64783477783203
5DFR,-2.93,2.8828125,15.17178726196289,4.818439483642578
5DFR,-3.0250000000000004,3.03125,10.059318542480469,5.45582389831543
5DFR,-1.92625,5.703125,11.780397415161133,8.433182716369629
5DFR,-3.43,5.140625,12.361335754394531,17.61847686767578
5DFR,-2.94,2.1953125,4.930293560028076,3.1408884525299072
5DFR,-3.515,8.46484375,15.087150573730469,22.248573303222656
5DFR,-1.81,2.19921875,2.240621566772461,4.10483455657959
5DFR,-0.2933333333333333,-2.3515625,-5.3544721603393555,-3.033646583557129
5DFR,-3.755,10.859375,12.449728012084961,30.321489334106445
5DFR,-3.27,6.30859375,12.653493881225586,20.731128692626953
5PTI,-0.5,2.6015625,27.1579532623291,8.41925048828125
5PTI,-1.3,8.4921875,36.155860900878906,30.389957427978516
5PTI,-3.0,7.193359375,-14.662299156188965,-18.027868270874023
5PTI,-2.2,16.2783203125,18.286842346191406,7.274749755859375
5PTI,-0.6,1.6318359375,17.060142517089844,14.791126251220703
5PTI,-0.3,4.052734375,25.204404830932617,15.70817756652832
5PTI,-0.8,6.3310546875,22.364734649658203,13.594614028930664
5PTI,-1.2,3.51171875,24.21974754333496,8.361448287963867
5PTI,-2.9,5.30859375,16.92708969116211,1.3781776428222656
5PTI,-0.0,-2.5859375,-14.80897045135498,3.670612335205078
5PTI,-1.8,13.021484375,55.543548583984375,42.39419937133789
5PTI,-4.3,19.630859375,57.279422760009766,44.691593170166016
5PTI,-4.1,22.322265625,58.78913116455078,46.807437896728516
5PTI,-1.2999999999999998,8.017578125,12.614092826843262,11.27332878112793
5PTI,-1.4,7.091796875,0.4369955062866211,4.007748603820801
5PTI,-0.4,0.705078125,7.936973571777344,10.67320728302002
5PTI,-1.7,3.5126953125,19.290189743041992,15.254618644714355
5PTI,-1.3,8.482421875,24.338464736938477,17.278549194335938
5PTI,-0.3,0.96484375,10.939149856567383,7.371664047241211
5PTI,-1.5,9.08203125,41.88207244873047,20.09124755859375
5PTI,-2.1,0.390625,16.10884666442871,12.93072509765625
5PTI,-1.8,9.818359375,43.18560028076172,25.815019607543945
5PTI,-3.9,16.6357421875,47.195533752441406,40.434783935546875
5PTI,-3.4,11.005859375,39.62374496459961,33.8801155090332
5PTI,-2.0,8.2978515625,32.66761016845703,21.117259979248047
5PTI,-5.95,19.458984375,50.58280944824219,51.4009895324707
5PTI,-2.2,13.068359375,44.388389587402344,46.92354202270508
5PTI,-0.0,-1.92578125,10.326876640319824,13.50274658203125
5PTI,-1.0,8.8037109375,41.60856246948242,29.038232803344727
5PTI,-0.0,-1.279296875,0.21103382110595703,-8.259021759033203
5PTI,-6.1,14.5302734375,51.29359817504883,29.956478118896484
5PTI,-8.7,24.1298828125,58.137271881103516,41.34636306762695
5PTI,-8.0,17.294921875,57.38774108886719,37.60036849975586
5PTI,-7.8,17.09765625,58.33686447143555,45.24699020385742
5PTI,-6.0,14.8212890625,53.728355407714844,46.37452697753906
5PTI,-1.0,7.150390625,15.428022384643555,12.503668785095215
5PTI,-0.1,2.814453125,15.721529960632324,9.868464469909668
5PTI,-2.4,24.677734375,57.03707504272461,33.82762145996094
5PTI,-2.0,26.4658203125,54.99609375,32.486846923828125
5PTI,-1.2,8.96484375,25.599042892456055,15.664806365966797
5PTI,-1.85,10.80859375,37.12160873413086,24.501941680908203
5PTI,-3.8,9.8388671875,43.81121063232422,21.90878677368164
5PTI,-0.6,1.169921875,6.469709396362305,9.594282150268555
5PTI,-5.0,13.919921875,39.180320739746094,24.755661010742188
5PTI,-3.7,10.57421875,41.14605712890625,25.071184158325195
5PTI,-3.7,10.2724609375,37.633628845214844,24.06515884399414
5PTI,-2.1,13.853515625,57.13740539550781,48.493255615234375
5PTI,-2.8,18.115234375,57.63017654418945,48.882232666015625
5PTI,-0.7,11.9541015625,56.58786392211914,47.283477783203125
5PTI,-2.3,14.91796875,56.9867057800293,43.988834381103516
5PTI,-1.7,17.0791015625,57.400821685791016,45.242897033691406
5PTI,-0.0,0.69921875,1.1592960357666016,1.8426380157470703
5PTI,-0.4,4.619140625,1.748464584350586,8.318910598754883
5PTI,-0.5,-1.408203125,-13.276731491088867,0.5196285247802734
5PTI,-5.7,25.287109375,56.84219741821289,53.51087951660156
5PTI,-3.3,3.517578125,9.980414390563965,16.01100730895996
5PTI,-4.7,9.3056640625,29.288330078125,28.669204711914062
5PTI,-6.85,23.06640625,42.17640686035156,29.70734214782715
5PTI,0.1,-4.7470703125,-1.336660385131836,9.076713562011719
5PTI,-1.6,7.75,38.58218765258789,38.429351806640625
5PTI,-1.7,-3.595703125,2.404510974884033,-2.0008840560913086
5PTI,-0.1,-2.2841796875,-5.145122528076172,-2.5564422607421875
5PTI,-0.1,-1.0908203125,-8.425765991210938,2.6862940788269043
5PTI,-0.2,7.353515625,50.01585006713867,31.875478744506836
5PTI,-0.2,3.58203125,28.839540481567383,10.906801223754883
